Workbook

Sheet Parametry
A1: Parametry Modelu Emerytalnego | B1: Wartość
A2: Kapitał Początkowy (PLN) | B2: 1000000
A3: Wydatki Miesięczne dzisiaj (PLN) | B3: 5000
A4: ZUS Miesięczny dzisiaj (PLN) | B4: 2000
A5: Wpłaty Miesięczne przed emeryturą (PLN) | B5: 3000
A6: Inflacja Bazowa Roczna | B6: 0.03
A7: Oczekiwany Zwrot Roczny | B7: 0.05
A8: Wiek Obecny | B8: 53
A9: Wiek Emerytalny | B9: 60
A10: Horyzont (Zakładany Wiek Końcowy) | B10: 65
A11: Podatek od zysków kapitałowych (np. 19% lub 0% IKE) | B11: 0.19
A14: Zmień wartości w zielonych komórkach, aby zaktualizować model.

Sheet Model
A1: Rok symulacji | B1: Wiek | C1: Faza | D1: Mnożnik Inflacji | E1: Kapitał na początku roku | F1: Roczne Wpłaty netto | G1: Roczne ZUS | H1: Wymagane Wydatki Brutto | I1: Wypłata z portfela | J1: Zysk Rynkowy (Brutto) | K1: Baza Kosztowa (do podatku) | L1: Podatek Belki | M1: Kapitał na koniec roku
A2: =IF(Parametry!$B$8+1-1<=Parametry!$B$10, 1, "") -> 1 | B2: =IF(A2="","", Parametry!$B$8+A2-1) -> 53 | C2: =IF(A2="","", IF(B2>=Parametry!$B$9, "Dekumulacja", "Akumulacja")) -> Akumulacja | D2: =IF(A2="","", 1) -> 1 | E2: =IF(A2="","", Parametry!$B$2) -> 1000000 | F2: =IF(A2="","", IF(C2="Akumulacja", Parametry!$B$5*12*D2, 0)) -> 36000 | G2: =IF(A2="","", IF(C2="Dekumulacja", Parametry!$B$4*12*D2, 0)) -> 0 | H2: =IF(A2="","", IF(C2="Dekumulacja", Parametry!$B$3*12*D2, 0)) -> 0 | I2: =IF(A2="","", MAX(0, H2-G2)) -> 0 | J2: =IF(A2="","", MAX(0, E2+F2-I2)*Parametry!$B$7) -> 51800 | K2: =IF(A2="","", MAX(0, Parametry!$B$2 + F2 - I2 * MIN(1, (Parametry!$B$2) / MAX(1, E2+F2)))) -> 1036000 | L2: =IF(A2="","", IF(Parametry!$B$11>0, I2 * (1 - MIN(1, (Parametry!$B$2) / MAX(1, E2+F2))) * Parametry!$B$11, 0)) -> 0 | M2: =IF(A2="","", MAX(0, E2+F2-I2+J2-L2)) -> 1087800
A3: =IF(Parametry!$B$8+2-1<=Parametry!$B$10, 2, "") -> 2 | B3: =IF(A3="","", Parametry!$B$8+A3-1) -> 54 | C3: =IF(A3="","", IF(B3>=Parametry!$B$9, "Dekumulacja", "Akumulacja")) -> Akumulacja | D3: =IF(A3="","", D2*(1+Parametry!$B$6)) -> 1.03 | E3: =IF(A3="","", M2) -> 1087800 | F3: =IF(A3="","", IF(C3="Akumulacja", Parametry!$B$5*12*D3, 0)) -> 37080 | G3: =IF(A3="","", IF(C3="Dekumulacja", Parametry!$B$4*12*D3, 0)) -> 0 | H3: =IF(A3="","", IF(C3="Dekumulacja", Parametry!$B$3*12*D3, 0)) -> 0 | I3: =IF(A3="","", MAX(0, H3-G3)) -> 0 | J3: =IF(A3="","", MAX(0, E3+F3-I3)*Parametry!$B$7) -> 56244 | K3: =IF(A3="","", MAX(0, K2 + F3 - I3 * MIN(1, K2 / MAX(1, E3+F3)))) -> 1073080 | L3: =IF(A3="","", IF(Parametry!$B$11>0, I3 * (1 - MIN(1, K2 / MAX(1, E3+F3))) * Parametry!$B$11, 0)) -> 0 | M3: =IF(A3="","", MAX(0, E3+F3-I3+J3-L3)) -> 1181124
A4: =IF(Parametry!$B$8+3-1<=Parametry!$B$10, 3, "") -> 3 | B4: =IF(A4="","", Parametry!$B$8+A4-1) -> 55 | C4: =IF(A4="","", IF(B4>=Parametry!$B$9, "Dekumulacja", "Akumulacja")) -> Akumulacja | D4: =IF(A4="","", D3*(1+Parametry!$B$6)) -> 1.0609 | E4: =IF(A4="","", M3) -> 1181124 | F4: =IF(A4="","", IF(C4="Akumulacja", Parametry!$B$5*12*D4, 0)) -> 38192.4 | G4: =IF(A4="","", IF(C4="Dekumulacja", Parametry!$B$4*12*D4, 0)) -> 0 | H4: =IF(A4="","", IF(C4="Dekumulacja", Parametry!$B$3*12*D4, 0)) -> 0 | I4: =IF(A4="","", MAX(0, H4-G4)) -> 0 | J4: =IF(A4="","", MAX(0, E4+F4-I4)*Parametry!$B$7) -> 60965.82 | K4: =IF(A4="","", MAX(0, K3 + F4 - I4 * MIN(1, K3 / MAX(1, E4+F4)))) -> 1111272.4 | L4: =IF(A4="","", IF(Parametry!$B$11>0, I4 * (1 - MIN(1, K3 / MAX(1, E4+F4))) * Parametry!$B$11, 0)) -> 0 | M4: =IF(A4="","", MAX(0, E4+F4-I4+J4-L4)) -> 1280282.2
A5: =IF(Parametry!$B$8+4-1<=Parametry!$B$10, 4, "") -> 4 | B5: =IF(A5="","", Parametry!$B$8+A5-1) -> 56 | C5: =IF(A5="","", IF(B5>=Parametry!$B$9, "Dekumulacja", "Akumulacja")) -> Akumulacja | D5: =IF(A5="","", D4*(1+Parametry!$B$6)) -> 1.092727 | E5: =IF(A5="","", M4) -> 1280282.2 | F5: =IF(A5="","", IF(C5="Akumulacja", Parametry!$B$5*12*D5, 0)) -> 39338.172 | G5: =IF(A5="","", IF(C5="Dekumulacja", Parametry!$B$4*12*D5, 0)) -> 0 | H5: =IF(A5="","", IF(C5="Dekumulacja", Parametry!$B$3*12*D5, 0)) -> 0 | I5: =IF(A5="","", MAX(0, H5-G5)) -> 0 | J5: =IF(A5="","", MAX(0, E5+F5-I5)*Parametry!$B$7) -> 65981.02 | K5: =IF(A5="","", MAX(0, K4 + F5 - I5 * MIN(1, K4 / MAX(1, E5+F5)))) -> 1150610.6 | L5: =IF(A5="","", IF(Parametry!$B$11>0, I5 * (1 - MIN(1, K4 / MAX(1, E5+F5))) * Parametry!$B$11, 0)) -> 0 | M5: =IF(A5="","", MAX(0, E5+F5-I5+J5-L5)) -> 1385601.4
A6: =IF(Parametry!$B$8+5-1<=Parametry!$B$10, 5, "") -> 5 | B6: =IF(A6="","", Parametry!$B$8+A6-1) -> 57 | C6: =IF(A6="","", IF(B6>=Parametry!$B$9, "Dekumulacja", "Akumulacja")) -> Akumulacja | D6: =IF(A6="","", D5*(1+Parametry!$B$6)) -> 1.1255088 | E6: =IF(A6="","", M5) -> 1385601.4 | F6: =IF(A6="","", IF(C6="Akumulacja", Parametry!$B$5*12*D6, 0)) -> 40518.317 | G6: =IF(A6="","", IF(C6="Dekumulacja", Parametry!$B$4*12*D6, 0)) -> 0 | H6: =IF(A6="","", IF(C6="Dekumulacja", Parametry!$B$3*12*D6, 0)) -> 0 | I6: =IF(A6="","", MAX(0, H6-G6)) -> 0 | J6: =IF(A6="","", MAX(0, E6+F6-I6)*Parametry!$B$7) -> 71305.986 | K6: =IF(A6="","", MAX(0, K5 + F6 - I6 * MIN(1, K5 / MAX(1, E6+F6)))) -> 1191128.9 | L6: =IF(A6="","", IF(Parametry!$B$11>0, I6 * (1 - MIN(1, K5 / MAX(1, E6+F6))) * Parametry!$B$11, 0)) -> 0 | M6: =IF(A6="","", MAX(0, E6+F6-I6+J6-L6)) -> 1497425.7
A7: =IF(Parametry!$B$8+6-1<=Parametry!$B$10, 6, "") -> 6 | B7: =IF(A7="","", Parametry!$B$8+A7-1) -> 58 | C7: =IF(A7="","", IF(B7>=Parametry!$B$9, "Dekumulacja", "Akumulacja")) -> Akumulacja | D7: =IF(A7="","", D6*(1+Parametry!$B$6)) -> 1.1592741 | E7: =IF(A7="","", M6) -> 1497425.7 | F7: =IF(A7="","", IF(C7="Akumulacja", Parametry!$B$5*12*D7, 0)) -> 41733.867 | G7: =IF(A7="","", IF(C7="Dekumulacja", Parametry!$B$4*12*D7, 0)) -> 0 | H7: =IF(A7="","", IF(C7="Dekumulacja", Parametry!$B$3*12*D7, 0)) -> 0 | I7: =IF(A7="","", MAX(0, H7-G7)) -> 0 | J7: =IF(A7="","", MAX(0, E7+F7-I7)*Parametry!$B$7) -> 76957.979 | K7: =IF(A7="","", MAX(0, K6 + F7 - I7 * MIN(1, K6 / MAX(1, E7+F7)))) -> 1232862.8 | L7: =IF(A7="","", IF(Parametry!$B$11>0, I7 * (1 - MIN(1, K6 / MAX(1, E7+F7))) * Parametry!$B$11, 0)) -> 0 | M7: =IF(A7="","", MAX(0, E7+F7-I7+J7-L7)) -> 1616117.6
A8: =IF(Parametry!$B$8+7-1<=Parametry!$B$10, 7, "") -> 7 | B8: =IF(A8="","", Parametry!$B$8+A8-1) -> 59 | C8: =IF(A8="","", IF(B8>=Parametry!$B$9, "Dekumulacja", "Akumulacja")) -> Akumulacja | D8: =IF(A8="","", D7*(1+Parametry!$B$6)) -> 1.1940523 | E8: =IF(A8="","", M7) -> 1616117.6 | F8: =IF(A8="","", IF(C8="Akumulacja", Parametry!$B$5*12*D8, 0)) -> 42985.883 | G8: =IF(A8="","", IF(C8="Dekumulacja", Parametry!$B$4*12*D8, 0)) -> 0 | H8: =IF(A8="","", IF(C8="Dekumulacja", Parametry!$B$3*12*D8, 0)) -> 0 | I8: =IF(A8="","", MAX(0, H8-G8)) -> 0 | J8: =IF(A8="","", MAX(0, E8+F8-I8)*Parametry!$B$7) -> 82955.172 | K8: =IF(A8="","", MAX(0, K7 + F8 - I8 * MIN(1, K7 / MAX(1, E8+F8)))) -> 1275848.6 | L8: =IF(A8="","", IF(Parametry!$B$11>0, I8 * (1 - MIN(1, K7 / MAX(1, E8+F8))) * Parametry!$B$11, 0)) -> 0 | M8: =IF(A8="","", MAX(0, E8+F8-I8+J8-L8)) -> 1742058.6
A9: =IF(Parametry!$B$8+8-1<=Parametry!$B$10, 8, "") -> 8 | B9: =IF(A9="","", Parametry!$B$8+A9-1) -> 60 | C9: =IF(A9="","", IF(B9>=Parametry!$B$9, "Dekumulacja", "Akumulacja")) -> Dekumulacja | D9: =IF(A9="","", D8*(1+Parametry!$B$6)) -> 1.2298739 | E9: =IF(A9="","", M8) -> 1742058.6 | F9: =IF(A9="","", IF(C9="Akumulacja", Parametry!$B$5*12*D9, 0)) -> 0 | G9: =IF(A9="","", IF(C9="Dekumulacja", Parametry!$B$4*12*D9, 0)) -> 29516.973 | H9: =IF(A9="","", IF(C9="Dekumulacja", Parametry!$B$3*12*D9, 0)) -> 73792.432 | I9: =IF(A9="","", MAX(0, H9-G9)) -> 44275.459 | J9: =IF(A9="","", MAX(0, E9+F9-I9)*Parametry!$B$7) -> 84889.158 | K9: =IF(A9="","", MAX(0, K8 + F9 - I9 * MIN(1, K8 / MAX(1, E9+F9)))) -> 1243422.2 | L9: =IF(A9="","", IF(Parametry!$B$11>0, I9 * (1 - MIN(1, K8 / MAX(1, E9+F9))) * Parametry!$B$11, 0)) -> 2251.3109 | M9: =IF(A9="","", MAX(0, E9+F9-I9+J9-L9)) -> 1780421
A10: =IF(Parametry!$B$8+9-1<=Parametry!$B$10, 9, "") -> 9 | B10: =IF(A10="","", Parametry!$B$8+A10-1) -> 61 | C10: =IF(A10="","", IF(B10>=Parametry!$B$9, "Dekumulacja", "Akumulacja")) -> Dekumulacja | D10: =IF(A10="","", D9*(1+Parametry!$B$6)) -> 1.2667701 | E10: =IF(A10="","", M9) -> 1780421 | F10: =IF(A10="","", IF(C10="Akumulacja", Parametry!$B$5*12*D10, 0)) -> 0 | G10: =IF(A10="","", IF(C10="Dekumulacja", Parametry!$B$4*12*D10, 0)) -> 30402.482 | H10: =IF(A10="","", IF(C10="Dekumulacja", Parametry!$B$3*12*D10, 0)) -> 76006.205 | I10: =IF(A10="","", MAX(0, H10-G10)) -> 45603.723 | J10: =IF(A10="","", MAX(0, E10+F10-I10)*Parametry!$B$7) -> 86740.864 | K10: =IF(A10="","", MAX(0, K9 + F10 - I10 * MIN(1, K9 / MAX(1, E10+F10)))) -> 1211573.2 | L10: =IF(A10="","", IF(Parametry!$B$11>0, I10 * (1 - MIN(1, K9 / MAX(1, E10+F10))) * Parametry!$B$11, 0)) -> 2613.3918 | M10: =IF(A10="","", MAX(0, E10+F10-I10+J10-L10)) -> 1818944.8
A11: =IF(Parametry!$B$8+10-1<=Parametry!$B$10, 10, "") -> 10 | B11: =IF(A11="","", Parametry!$B$8+A11-1) -> 62 | C11: =IF(A11="","", IF(B11>=Parametry!$B$9, "Dekumulacja", "Akumulacja")) -> Dekumulacja | D11: =IF(A11="","", D10*(1+Parametry!$B$6)) -> 1.3047732 | E11: =IF(A11="","", M10) -> 1818944.8 | F11: =IF(A11="","", IF(C11="Akumulacja", Parametry!$B$5*12*D11, 0)) -> 0 | G11: =IF(A11="","", IF(C11="Dekumulacja", Parametry!$B$4*12*D11, 0)) -> 31314.556 | H11: =IF(A11="","", IF(C11="Dekumulacja", Parametry!$B$3*12*D11, 0)) -> 78286.391 | I11: =IF(A11="","", MAX(0, H11-G11)) -> 46971.835 | J11: =IF(A11="","", MAX(0, E11+F11-I11)*Parametry!$B$7) -> 88598.646 | K11: =IF(A11="","", MAX(0, K10 + F11 - I11 * MIN(1, K10 / MAX(1, E11+F11)))) -> 1180285.9 | L11: =IF(A11="","", IF(Parametry!$B$11>0, I11 * (1 - MIN(1, K10 / MAX(1, E11+F11))) * Parametry!$B$11, 0)) -> 2980.0675 | M11: =IF(A11="","", MAX(0, E11+F11-I11+J11-L11)) -> 1857591.5
A12: =IF(Parametry!$B$8+11-1<=Parametry!$B$10, 11, "") -> 11 | B12: =IF(A12="","", Parametry!$B$8+A12-1) -> 63 | C12: =IF(A12="","", IF(B12>=Parametry!$B$9, "Dekumulacja", "Akumulacja")) -> Dekumulacja | D12: =IF(A12="","", D11*(1+Parametry!$B$6)) -> 1.3439164 | E12: =IF(A12="","", M11) -> 1857591.5 | F12: =IF(A12="","", IF(C12="Akumulacja", Parametry!$B$5*12*D12, 0)) -> 0 | G12: =IF(A12="","", IF(C12="Dekumulacja", Parametry!$B$4*12*D12, 0)) -> 32253.993 | H12: =IF(A12="","", IF(C12="Dekumulacja", Parametry!$B$3*12*D12, 0)) -> 80634.983 | I12: =IF(A12="","", MAX(0, H12-G12)) -> 48380.99 | J12: =IF(A12="","", MAX(0, E12+F12-I12)*Parametry!$B$7) -> 90460.525 | K12: =IF(A12="","", MAX(0, K11 + F12 - I12 * MIN(1, K11 / MAX(1, E12+F12)))) -> 1149545.3 | L12: =IF(A12="","", IF(Parametry!$B$11>0, I12 * (1 - MIN(1, K11 / MAX(1, E12+F12))) * Parametry!$B$11, 0)) -> 3351.682 | M12: =IF(A12="","", MAX(0, E12+F12-I12+J12-L12)) -> 1896319.4
A13: =IF(Parametry!$B$8+12-1<=Parametry!$B$10, 12, "") -> 12 | B13: =IF(A13="","", Parametry!$B$8+A13-1) -> 64 | C13: =IF(A13="","", IF(B13>=Parametry!$B$9, "Dekumulacja", "Akumulacja")) -> Dekumulacja | D13: =IF(A13="","", D12*(1+Parametry!$B$6)) -> 1.3842339 | E13: =IF(A13="","", M12) -> 1896319.4 | F13: =IF(A13="","", IF(C13="Akumulacja", Parametry!$B$5*12*D13, 0)) -> 0 | G13: =IF(A13="","", IF(C13="Dekumulacja", Parametry!$B$4*12*D13, 0)) -> 33221.613 | H13: =IF(A13="","", IF(C13="Dekumulacja", Parametry!$B$3*12*D13, 0)) -> 83054.032 | I13: =IF(A13="","", MAX(0, H13-G13)) -> 49832.419 | J13: =IF(A13="","", MAX(0, E13+F13-I13)*Parametry!$B$7) -> 92324.347 | K13: =IF(A13="","", MAX(0, K12 + F13 - I13 * MIN(1, K12 / MAX(1, E13+F13)))) -> 1119337 | L13: =IF(A13="","", IF(Parametry!$B$11>0, I13 * (1 - MIN(1, K12 / MAX(1, E13+F13))) * Parametry!$B$11, 0)) -> 3728.5786 | M13: =IF(A13="","", MAX(0, E13+F13-I13+J13-L13)) -> 1935082.7
A14: =IF(Parametry!$B$8+13-1<=Parametry!$B$10, 13, "") -> 13 | B14: =IF(A14="","", Parametry!$B$8+A14-1) -> 65 | C14: =IF(A14="","", IF(B14>=Parametry!$B$9, "Dekumulacja", "Akumulacja")) -> Dekumulacja | D14: =IF(A14="","", D13*(1+Parametry!$B$6)) -> 1.4257609 | E14: =IF(A14="","", M13) -> 1935082.7 | F14: =IF(A14="","", IF(C14="Akumulacja", Parametry!$B$5*12*D14, 0)) -> 0 | G14: =IF(A14="","", IF(C14="Dekumulacja", Parametry!$B$4*12*D14, 0)) -> 34218.261 | H14: =IF(A14="","", IF(C14="Dekumulacja", Parametry!$B$3*12*D14, 0)) -> 85545.653 | I14: =IF(A14="","", MAX(0, H14-G14)) -> 51327.392 | J14: =IF(A14="","", MAX(0, E14+F14-I14)*Parametry!$B$7) -> 94187.765 | K14: =IF(A14="","", MAX(0, K13 + F14 - I14 * MIN(1, K13 / MAX(1, E14+F14)))) -> 1089647 | L14: =IF(A14="","", IF(Parametry!$B$11>0, I14 * (1 - MIN(1, K13 / MAX(1, E14+F14))) * Parametry!$B$11, 0)) -> 4111.1002 | M14: =IF(A14="","", MAX(0, E14+F14-I14+J14-L14)) -> 1973832
A15: =IF(Parametry!$B$8+14-1<=Parametry!$B$10, 14, "") | B15: =IF(A15="","", Parametry!$B$8+A15-1) | C15: =IF(A15="","", IF(B15>=Parametry!$B$9, "Dekumulacja", "Akumulacja")) | D15: =IF(A15="","", D14*(1+Parametry!$B$6)) | E15: =IF(A15="","", M14) | F15: =IF(A15="","", IF(C15="Akumulacja", Parametry!$B$5*12*D15, 0)) | G15: =IF(A15="","", IF(C15="Dekumulacja", Parametry!$B$4*12*D15, 0)) | H15: =IF(A15="","", IF(C15="Dekumulacja", Parametry!$B$3*12*D15, 0)) | I15: =IF(A15="","", MAX(0, H15-G15)) | J15: =IF(A15="","", MAX(0, E15+F15-I15)*Parametry!$B$7) | K15: =IF(A15="","", MAX(0, K14 + F15 - I15 * MIN(1, K14 / MAX(1, E15+F15)))) | L15: =IF(A15="","", IF(Parametry!$B$11>0, I15 * (1 - MIN(1, K14 / MAX(1, E15+F15))) * Parametry!$B$11, 0)) | M15: =IF(A15="","", MAX(0, E15+F15-I15+J15-L15))
A16: =IF(Parametry!$B$8+15-1<=Parametry!$B$10, 15, "") | B16: =IF(A16="","", Parametry!$B$8+A16-1) | C16: =IF(A16="","", IF(B16>=Parametry!$B$9, "Dekumulacja", "Akumulacja")) | D16: =IF(A16="","", D15*(1+Parametry!$B$6)) | E16: =IF(A16="","", M15) | F16: =IF(A16="","", IF(C16="Akumulacja", Parametry!$B$5*12*D16, 0)) | G16: =IF(A16="","", IF(C16="Dekumulacja", Parametry!$B$4*12*D16, 0)) | H16: =IF(A16="","", IF(C16="Dekumulacja", Parametry!$B$3*12*D16, 0)) | I16: =IF(A16="","", MAX(0, H16-G16)) | J16: =IF(A16="","", MAX(0, E16+F16-I16)*Parametry!$B$7) | K16: =IF(A16="","", MAX(0, K15 + F16 - I16 * MIN(1, K15 / MAX(1, E16+F16)))) | L16: =IF(A16="","", IF(Parametry!$B$11>0, I16 * (1 - MIN(1, K15 / MAX(1, E16+F16))) * Parametry!$B$11, 0)) | M16: =IF(A16="","", MAX(0, E16+F16-I16+J16-L16))
A17: =IF(Parametry!$B$8+16-1<=Parametry!$B$10, 16, "") | B17: =IF(A17="","", Parametry!$B$8+A17-1) | C17: =IF(A17="","", IF(B17>=Parametry!$B$9, "Dekumulacja", "Akumulacja")) | D17: =IF(A17="","", D16*(1+Parametry!$B$6)) | E17: =IF(A17="","", M16) | F17: =IF(A17="","", IF(C17="Akumulacja", Parametry!$B$5*12*D17, 0)) | G17: =IF(A17="","", IF(C17="Dekumulacja", Parametry!$B$4*12*D17, 0)) | H17: =IF(A17="","", IF(C17="Dekumulacja", Parametry!$B$3*12*D17, 0)) | I17: =IF(A17="","", MAX(0, H17-G17)) | J17: =IF(A17="","", MAX(0, E17+F17-I17)*Parametry!$B$7) | K17: =IF(A17="","", MAX(0, K16 + F17 - I17 * MIN(1, K16 / MAX(1, E17+F17)))) | L17: =IF(A17="","", IF(Parametry!$B$11>0, I17 * (1 - MIN(1, K16 / MAX(1, E17+F17))) * Parametry!$B$11, 0)) | M17: =IF(A17="","", MAX(0, E17+F17-I17+J17-L17))
A18: =IF(Parametry!$B$8+17-1<=Parametry!$B$10, 17, "") | B18: =IF(A18="","", Parametry!$B$8+A18-1) | C18: =IF(A18="","", IF(B18>=Parametry!$B$9, "Dekumulacja", "Akumulacja")) | D18: =IF(A18="","", D17*(1+Parametry!$B$6)) | E18: =IF(A18="","", M17) | F18: =IF(A18="","", IF(C18="Akumulacja", Parametry!$B$5*12*D18, 0)) | G18: =IF(A18="","", IF(C18="Dekumulacja", Parametry!$B$4*12*D18, 0)) | H18: =IF(A18="","", IF(C18="Dekumulacja", Parametry!$B$3*12*D18, 0)) | I18: =IF(A18="","", MAX(0, H18-G18)) | J18: =IF(A18="","", MAX(0, E18+F18-I18)*Parametry!$B$7) | K18: =IF(A18="","", MAX(0, K17 + F18 - I18 * MIN(1, K17 / MAX(1, E18+F18)))) | L18: =IF(A18="","", IF(Parametry!$B$11>0, I18 * (1 - MIN(1, K17 / MAX(1, E18+F18))) * Parametry!$B$11, 0)) | M18: =IF(A18="","", MAX(0, E18+F18-I18+J18-L18))
A19: =IF(Parametry!$B$8+18-1<=Parametry!$B$10, 18, "") | B19: =IF(A19="","", Parametry!$B$8+A19-1) | C19: =IF(A19="","", IF(B19>=Parametry!$B$9, "Dekumulacja", "Akumulacja")) | D19: =IF(A19="","", D18*(1+Parametry!$B$6)) | E19: =IF(A19="","", M18) | F19: =IF(A19="","", IF(C19="Akumulacja", Parametry!$B$5*12*D19, 0)) | G19: =IF(A19="","", IF(C19="Dekumulacja", Parametry!$B$4*12*D19, 0)) | H19: =IF(A19="","", IF(C19="Dekumulacja", Parametry!$B$3*12*D19, 0)) | I19: =IF(A19="","", MAX(0, H19-G19)) | J19: =IF(A19="","", MAX(0, E19+F19-I19)*Parametry!$B$7) | K19: =IF(A19="","", MAX(0, K18 + F19 - I19 * MIN(1, K18 / MAX(1, E19+F19)))) | L19: =IF(A19="","", IF(Parametry!$B$11>0, I19 * (1 - MIN(1, K18 / MAX(1, E19+F19))) * Parametry!$B$11, 0)) | M19: =IF(A19="","", MAX(0, E19+F19-I19+J19-L19))
A20: =IF(Parametry!$B$8+19-1<=Parametry!$B$10, 19, "") | B20: =IF(A20="","", Parametry!$B$8+A20-1) | C20: =IF(A20="","", IF(B20>=Parametry!$B$9, "Dekumulacja", "Akumulacja")) | D20: =IF(A20="","", D19*(1+Parametry!$B$6)) | E20: =IF(A20="","", M19) | F20: =IF(A20="","", IF(C20="Akumulacja", Parametry!$B$5*12*D20, 0)) | G20: =IF(A20="","", IF(C20="Dekumulacja", Parametry!$B$4*12*D20, 0)) | H20: =IF(A20="","", IF(C20="Dekumulacja", Parametry!$B$3*12*D20, 0)) | I20: =IF(A20="","", MAX(0, H20-G20)) | J20: =IF(A20="","", MAX(0, E20+F20-I20)*Parametry!$B$7) | K20: =IF(A20="","", MAX(0, K19 + F20 - I20 * MIN(1, K19 / MAX(1, E20+F20)))) | L20: =IF(A20="","", IF(Parametry!$B$11>0, I20 * (1 - MIN(1, K19 / MAX(1, E20+F20))) * Parametry!$B$11, 0)) | M20: =IF(A20="","", MAX(0, E20+F20-I20+J20-L20))
A21: =IF(Parametry!$B$8+20-1<=Parametry!$B$10, 20, "") | B21: =IF(A21="","", Parametry!$B$8+A21-1) | C21: =IF(A21="","", IF(B21>=Parametry!$B$9, "Dekumulacja", "Akumulacja")) | D21: =IF(A21="","", D20*(1+Parametry!$B$6)) | E21: =IF(A21="","", M20) | F21: =IF(A21="","", IF(C21="Akumulacja", Parametry!$B$5*12*D21, 0)) | G21: =IF(A21="","", IF(C21="Dekumulacja", Parametry!$B$4*12*D21, 0)) | H21: =IF(A21="","", IF(C21="Dekumulacja", Parametry!$B$3*12*D21, 0)) | I21: =IF(A21="","", MAX(0, H21-G21)) | J21: =IF(A21="","", MAX(0, E21+F21-I21)*Parametry!$B$7) | K21: =IF(A21="","", MAX(0, K20 + F21 - I21 * MIN(1, K20 / MAX(1, E21+F21)))) | L21: =IF(A21="","", IF(Parametry!$B$11>0, I21 * (1 - MIN(1, K20 / MAX(1, E21+F21))) * Parametry!$B$11, 0)) | M21: =IF(A21="","", MAX(0, E21+F21-I21+J21-L21))
A22: =IF(Parametry!$B$8+21-1<=Parametry!$B$10, 21, "") | B22: =IF(A22="","", Parametry!$B$8+A22-1) | C22: =IF(A22="","", IF(B22>=Parametry!$B$9, "Dekumulacja", "Akumulacja")) | D22: =IF(A22="","", D21*(1+Parametry!$B$6)) | E22: =IF(A22="","", M21) | F22: =IF(A22="","", IF(C22="Akumulacja", Parametry!$B$5*12*D22, 0)) | G22: =IF(A22="","", IF(C22="Dekumulacja", Parametry!$B$4*12*D22, 0)) | H22: =IF(A22="","", IF(C22="Dekumulacja", Parametry!$B$3*12*D22, 0)) | I22: =IF(A22="","", MAX(0, H22-G22)) | J22: =IF(A22="","", MAX(0, E22+F22-I22)*Parametry!$B$7) | K22: =IF(A22="","", MAX(0, K21 + F22 - I22 * MIN(1, K21 / MAX(1, E22+F22)))) | L22: =IF(A22="","", IF(Parametry!$B$11>0, I22 * (1 - MIN(1, K21 / MAX(1, E22+F22))) * Parametry!$B$11, 0)) | M22: =IF(A22="","", MAX(0, E22+F22-I22+J22-L22))
A23: =IF(Parametry!$B$8+22-1<=Parametry!$B$10, 22, "") | B23: =IF(A23="","", Parametry!$B$8+A23-1) | C23: =IF(A23="","", IF(B23>=Parametry!$B$9, "Dekumulacja", "Akumulacja")) | D23: =IF(A23="","", D22*(1+Parametry!$B$6)) | E23: =IF(A23="","", M22) | F23: =IF(A23="","", IF(C23="Akumulacja", Parametry!$B$5*12*D23, 0)) | G23: =IF(A23="","", IF(C23="Dekumulacja", Parametry!$B$4*12*D23, 0)) | H23: =IF(A23="","", IF(C23="Dekumulacja", Parametry!$B$3*12*D23, 0)) | I23: =IF(A23="","", MAX(0, H23-G23)) | J23: =IF(A23="","", MAX(0, E23+F23-I23)*Parametry!$B$7) | K23: =IF(A23="","", MAX(0, K22 + F23 - I23 * MIN(1, K22 / MAX(1, E23+F23)))) | L23: =IF(A23="","", IF(Parametry!$B$11>0, I23 * (1 - MIN(1, K22 / MAX(1, E23+F23))) * Parametry!$B$11, 0)) | M23: =IF(A23="","", MAX(0, E23+F23-I23+J23-L23))
A24: =IF(Parametry!$B$8+23-1<=Parametry!$B$10, 23, "") | B24: =IF(A24="","", Parametry!$B$8+A24-1) | C24: =IF(A24="","", IF(B24>=Parametry!$B$9, "Dekumulacja", "Akumulacja")) | D24: =IF(A24="","", D23*(1+Parametry!$B$6)) | E24: =IF(A24="","", M23) | F24: =IF(A24="","", IF(C24="Akumulacja", Parametry!$B$5*12*D24, 0)) | G24: =IF(A24="","", IF(C24="Dekumulacja", Parametry!$B$4*12*D24, 0)) | H24: =IF(A24="","", IF(C24="Dekumulacja", Parametry!$B$3*12*D24, 0)) | I24: =IF(A24="","", MAX(0, H24-G24)) | J24: =IF(A24="","", MAX(0, E24+F24-I24)*Parametry!$B$7) | K24: =IF(A24="","", MAX(0, K23 + F24 - I24 * MIN(1, K23 / MAX(1, E24+F24)))) | L24: =IF(A24="","", IF(Parametry!$B$11>0, I24 * (1 - MIN(1, K23 / MAX(1, E24+F24))) * Parametry!$B$11, 0)) | M24: =IF(A24="","", MAX(0, E24+F24-I24+J24-L24))
A25: =IF(Parametry!$B$8+24-1<=Parametry!$B$10, 24, "") | B25: =IF(A25="","", Parametry!$B$8+A25-1) | C25: =IF(A25="","", IF(B25>=Parametry!$B$9, "Dekumulacja", "Akumulacja")) | D25: =IF(A25="","", D24*(1+Parametry!$B$6)) | E25: =IF(A25="","", M24) | F25: =IF(A25="","", IF(C25="Akumulacja", Parametry!$B$5*12*D25, 0)) | G25: =IF(A25="","", IF(C25="Dekumulacja", Parametry!$B$4*12*D25, 0)) | H25: =IF(A25="","", IF(C25="Dekumulacja", Parametry!$B$3*12*D25, 0)) | I25: =IF(A25="","", MAX(0, H25-G25)) | J25: =IF(A25="","", MAX(0, E25+F25-I25)*Parametry!$B$7) | K25: =IF(A25="","", MAX(0, K24 + F25 - I25 * MIN(1, K24 / MAX(1, E25+F25)))) | L25: =IF(A25="","", IF(Parametry!$B$11>0, I25 * (1 - MIN(1, K24 / MAX(1, E25+F25))) * Parametry!$B$11, 0)) | M25: =IF(A25="","", MAX(0, E25+F25-I25+J25-L25))
A26: =IF(Parametry!$B$8+25-1<=Parametry!$B$10, 25, "") | B26: =IF(A26="","", Parametry!$B$8+A26-1) | C26: =IF(A26="","", IF(B26>=Parametry!$B$9, "Dekumulacja", "Akumulacja")) | D26: =IF(A26="","", D25*(1+Parametry!$B$6)) | E26: =IF(A26="","", M25) | F26: =IF(A26="","", IF(C26="Akumulacja", Parametry!$B$5*12*D26, 0)) | G26: =IF(A26="","", IF(C26="Dekumulacja", Parametry!$B$4*12*D26, 0)) | H26: =IF(A26="","", IF(C26="Dekumulacja", Parametry!$B$3*12*D26, 0)) | I26: =IF(A26="","", MAX(0, H26-G26)) | J26: =IF(A26="","", MAX(0, E26+F26-I26)*Parametry!$B$7) | K26: =IF(A26="","", MAX(0, K25 + F26 - I26 * MIN(1, K25 / MAX(1, E26+F26)))) | L26: =IF(A26="","", IF(Parametry!$B$11>0, I26 * (1 - MIN(1, K25 / MAX(1, E26+F26))) * Parametry!$B$11, 0)) | M26: =IF(A26="","", MAX(0, E26+F26-I26+J26-L26))
A27: =IF(Parametry!$B$8+26-1<=Parametry!$B$10, 26, "") | B27: =IF(A27="","", Parametry!$B$8+A27-1) | C27: =IF(A27="","", IF(B27>=Parametry!$B$9, "Dekumulacja", "Akumulacja")) | D27: =IF(A27="","", D26*(1+Parametry!$B$6)) | E27: =IF(A27="","", M26) | F27: =IF(A27="","", IF(C27="Akumulacja", Parametry!$B$5*12*D27, 0)) | G27: =IF(A27="","", IF(C27="Dekumulacja", Parametry!$B$4*12*D27, 0)) | H27: =IF(A27="","", IF(C27="Dekumulacja", Parametry!$B$3*12*D27, 0)) | I27: =IF(A27="","", MAX(0, H27-G27)) | J27: =IF(A27="","", MAX(0, E27+F27-I27)*Parametry!$B$7) | K27: =IF(A27="","", MAX(0, K26 + F27 - I27 * MIN(1, K26 / MAX(1, E27+F27)))) | L27: =IF(A27="","", IF(Parametry!$B$11>0, I27 * (1 - MIN(1, K26 / MAX(1, E27+F27))) * Parametry!$B$11, 0)) | M27: =IF(A27="","", MAX(0, E27+F27-I27+J27-L27))
A28: =IF(Parametry!$B$8+27-1<=Parametry!$B$10, 27, "") | B28: =IF(A28="","", Parametry!$B$8+A28-1) | C28: =IF(A28="","", IF(B28>=Parametry!$B$9, "Dekumulacja", "Akumulacja")) | D28: =IF(A28="","", D27*(1+Parametry!$B$6)) | E28: =IF(A28="","", M27) | F28: =IF(A28="","", IF(C28="Akumulacja", Parametry!$B$5*12*D28, 0)) | G28: =IF(A28="","", IF(C28="Dekumulacja", Parametry!$B$4*12*D28, 0)) | H28: =IF(A28="","", IF(C28="Dekumulacja", Parametry!$B$3*12*D28, 0)) | I28: =IF(A28="","", MAX(0, H28-G28)) | J28: =IF(A28="","", MAX(0, E28+F28-I28)*Parametry!$B$7) | K28: =IF(A28="","", MAX(0, K27 + F28 - I28 * MIN(1, K27 / MAX(1, E28+F28)))) | L28: =IF(A28="","", IF(Parametry!$B$11>0, I28 * (1 - MIN(1, K27 / MAX(1, E28+F28))) * Parametry!$B$11, 0)) | M28: =IF(A28="","", MAX(0, E28+F28-I28+J28-L28))
A29: =IF(Parametry!$B$8+28-1<=Parametry!$B$10, 28, "") | B29: =IF(A29="","", Parametry!$B$8+A29-1) | C29: =IF(A29="","", IF(B29>=Parametry!$B$9, "Dekumulacja", "Akumulacja")) | D29: =IF(A29="","", D28*(1+Parametry!$B$6)) | E29: =IF(A29="","", M28) | F29: =IF(A29="","", IF(C29="Akumulacja", Parametry!$B$5*12*D29, 0)) | G29: =IF(A29="","", IF(C29="Dekumulacja", Parametry!$B$4*12*D29, 0)) | H29: =IF(A29="","", IF(C29="Dekumulacja", Parametry!$B$3*12*D29, 0)) | I29: =IF(A29="","", MAX(0, H29-G29)) | J29: =IF(A29="","", MAX(0, E29+F29-I29)*Parametry!$B$7) | K29: =IF(A29="","", MAX(0, K28 + F29 - I29 * MIN(1, K28 / MAX(1, E29+F29)))) | L29: =IF(A29="","", IF(Parametry!$B$11>0, I29 * (1 - MIN(1, K28 / MAX(1, E29+F29))) * Parametry!$B$11, 0)) | M29: =IF(A29="","", MAX(0, E29+F29-I29+J29-L29))
A30: =IF(Parametry!$B$8+29-1<=Parametry!$B$10, 29, "") | B30: =IF(A30="","", Parametry!$B$8+A30-1) | C30: =IF(A30="","", IF(B30>=Parametry!$B$9, "Dekumulacja", "Akumulacja")) | D30: =IF(A30="","", D29*(1+Parametry!$B$6)) | E30: =IF(A30="","", M29) | F30: =IF(A30="","", IF(C30="Akumulacja", Parametry!$B$5*12*D30, 0)) | G30: =IF(A30="","", IF(C30="Dekumulacja", Parametry!$B$4*12*D30, 0)) | H30: =IF(A30="","", IF(C30="Dekumulacja", Parametry!$B$3*12*D30, 0)) | I30: =IF(A30="","", MAX(0, H30-G30)) | J30: =IF(A30="","", MAX(0, E30+F30-I30)*Parametry!$B$7) | K30: =IF(A30="","", MAX(0, K29 + F30 - I30 * MIN(1, K29 / MAX(1, E30+F30)))) | L30: =IF(A30="","", IF(Parametry!$B$11>0, I30 * (1 - MIN(1, K29 / MAX(1, E30+F30))) * Parametry!$B$11, 0)) | M30: =IF(A30="","", MAX(0, E30+F30-I30+J30-L30))
A31: =IF(Parametry!$B$8+30-1<=Parametry!$B$10, 30, "") | B31: =IF(A31="","", Parametry!$B$8+A31-1) | C31: =IF(A31="","", IF(B31>=Parametry!$B$9, "Dekumulacja", "Akumulacja")) | D31: =IF(A31="","", D30*(1+Parametry!$B$6)) | E31: =IF(A31="","", M30) | F31: =IF(A31="","", IF(C31="Akumulacja", Parametry!$B$5*12*D31, 0)) | G31: =IF(A31="","", IF(C31="Dekumulacja", Parametry!$B$4*12*D31, 0)) | H31: =IF(A31="","", IF(C31="Dekumulacja", Parametry!$B$3*12*D31, 0)) | I31: =IF(A31="","", MAX(0, H31-G31)) | J31: =IF(A31="","", MAX(0, E31+F31-I31)*Parametry!$B$7) | K31: =IF(A31="","", MAX(0, K30 + F31 - I31 * MIN(1, K30 / MAX(1, E31+F31)))) | L31: =IF(A31="","", IF(Parametry!$B$11>0, I31 * (1 - MIN(1, K30 / MAX(1, E31+F31))) * Parametry!$B$11, 0)) | M31: =IF(A31="","", MAX(0, E31+F31-I31+J31-L31))
A32: =IF(Parametry!$B$8+31-1<=Parametry!$B$10, 31, "") | B32: =IF(A32="","", Parametry!$B$8+A32-1) | C32: =IF(A32="","", IF(B32>=Parametry!$B$9, "Dekumulacja", "Akumulacja")) | D32: =IF(A32="","", D31*(1+Parametry!$B$6)) | E32: =IF(A32="","", M31) | F32: =IF(A32="","", IF(C32="Akumulacja", Parametry!$B$5*12*D32, 0)) | G32: =IF(A32="","", IF(C32="Dekumulacja", Parametry!$B$4*12*D32, 0)) | H32: =IF(A32="","", IF(C32="Dekumulacja", Parametry!$B$3*12*D32, 0)) | I32: =IF(A32="","", MAX(0, H32-G32)) | J32: =IF(A32="","", MAX(0, E32+F32-I32)*Parametry!$B$7) | K32: =IF(A32="","", MAX(0, K31 + F32 - I32 * MIN(1, K31 / MAX(1, E32+F32)))) | L32: =IF(A32="","", IF(Parametry!$B$11>0, I32 * (1 - MIN(1, K31 / MAX(1, E32+F32))) * Parametry!$B$11, 0)) | M32: =IF(A32="","", MAX(0, E32+F32-I32+J32-L32))
A33: =IF(Parametry!$B$8+32-1<=Parametry!$B$10, 32, "") | B33: =IF(A33="","", Parametry!$B$8+A33-1) | C33: =IF(A33="","", IF(B33>=Parametry!$B$9, "Dekumulacja", "Akumulacja")) | D33: =IF(A33="","", D32*(1+Parametry!$B$6)) | E33: =IF(A33="","", M32) | F33: =IF(A33="","", IF(C33="Akumulacja", Parametry!$B$5*12*D33, 0)) | G33: =IF(A33="","", IF(C33="Dekumulacja", Parametry!$B$4*12*D33, 0)) | H33: =IF(A33="","", IF(C33="Dekumulacja", Parametry!$B$3*12*D33, 0)) | I33: =IF(A33="","", MAX(0, H33-G33)) | J33: =IF(A33="","", MAX(0, E33+F33-I33)*Parametry!$B$7) | K33: =IF(A33="","", MAX(0, K32 + F33 - I33 * MIN(1, K32 / MAX(1, E33+F33)))) | L33: =IF(A33="","", IF(Parametry!$B$11>0, I33 * (1 - MIN(1, K32 / MAX(1, E33+F33))) * Parametry!$B$11, 0)) | M33: =IF(A33="","", MAX(0, E33+F33-I33+J33-L33))
A34: =IF(Parametry!$B$8+33-1<=Parametry!$B$10, 33, "") | B34: =IF(A34="","", Parametry!$B$8+A34-1) | C34: =IF(A34="","", IF(B34>=Parametry!$B$9, "Dekumulacja", "Akumulacja")) | D34: =IF(A34="","", D33*(1+Parametry!$B$6)) | E34: =IF(A34="","", M33) | F34: =IF(A34="","", IF(C34="Akumulacja", Parametry!$B$5*12*D34, 0)) | G34: =IF(A34="","", IF(C34="Dekumulacja", Parametry!$B$4*12*D34, 0)) | H34: =IF(A34="","", IF(C34="Dekumulacja", Parametry!$B$3*12*D34, 0)) | I34: =IF(A34="","", MAX(0, H34-G34)) | J34: =IF(A34="","", MAX(0, E34+F34-I34)*Parametry!$B$7) | K34: =IF(A34="","", MAX(0, K33 + F34 - I34 * MIN(1, K33 / MAX(1, E34+F34)))) | L34: =IF(A34="","", IF(Parametry!$B$11>0, I34 * (1 - MIN(1, K33 / MAX(1, E34+F34))) * Parametry!$B$11, 0)) | M34: =IF(A34="","", MAX(0, E34+F34-I34+J34-L34))
A35: =IF(Parametry!$B$8+34-1<=Parametry!$B$10, 34, "") | B35: =IF(A35="","", Parametry!$B$8+A35-1) | C35: =IF(A35="","", IF(B35>=Parametry!$B$9, "Dekumulacja", "Akumulacja")) | D35: =IF(A35="","", D34*(1+Parametry!$B$6)) | E35: =IF(A35="","", M34) | F35: =IF(A35="","", IF(C35="Akumulacja", Parametry!$B$5*12*D35, 0)) | G35: =IF(A35="","", IF(C35="Dekumulacja", Parametry!$B$4*12*D35, 0)) | H35: =IF(A35="","", IF(C35="Dekumulacja", Parametry!$B$3*12*D35, 0)) | I35: =IF(A35="","", MAX(0, H35-G35)) | J35: =IF(A35="","", MAX(0, E35+F35-I35)*Parametry!$B$7) | K35: =IF(A35="","", MAX(0, K34 + F35 - I35 * MIN(1, K34 / MAX(1, E35+F35)))) | L35: =IF(A35="","", IF(Parametry!$B$11>0, I35 * (1 - MIN(1, K34 / MAX(1, E35+F35))) * Parametry!$B$11, 0)) | M35: =IF(A35="","", MAX(0, E35+F35-I35+J35-L35))
A36: =IF(Parametry!$B$8+35-1<=Parametry!$B$10, 35, "") | B36: =IF(A36="","", Parametry!$B$8+A36-1) | C36: =IF(A36="","", IF(B36>=Parametry!$B$9, "Dekumulacja", "Akumulacja")) | D36: =IF(A36="","", D35*(1+Parametry!$B$6)) | E36: =IF(A36="","", M35) | F36: =IF(A36="","", IF(C36="Akumulacja", Parametry!$B$5*12*D36, 0)) | G36: =IF(A36="","", IF(C36="Dekumulacja", Parametry!$B$4*12*D36, 0)) | H36: =IF(A36="","", IF(C36="Dekumulacja", Parametry!$B$3*12*D36, 0)) | I36: =IF(A36="","", MAX(0, H36-G36)) | J36: =IF(A36="","", MAX(0, E36+F36-I36)*Parametry!$B$7) | K36: =IF(A36="","", MAX(0, K35 + F36 - I36 * MIN(1, K35 / MAX(1, E36+F36)))) | L36: =IF(A36="","", IF(Parametry!$B$11>0, I36 * (1 - MIN(1, K35 / MAX(1, E36+F36))) * Parametry!$B$11, 0)) | M36: =IF(A36="","", MAX(0, E36+F36-I36+J36-L36))
A37: =IF(Parametry!$B$8+36-1<=Parametry!$B$10, 36, "") | B37: =IF(A37="","", Parametry!$B$8+A37-1) | C37: =IF(A37="","", IF(B37>=Parametry!$B$9, "Dekumulacja", "Akumulacja")) | D37: =IF(A37="","", D36*(1+Parametry!$B$6)) | E37: =IF(A37="","", M36) | F37: =IF(A37="","", IF(C37="Akumulacja", Parametry!$B$5*12*D37, 0)) | G37: =IF(A37="","", IF(C37="Dekumulacja", Parametry!$B$4*12*D37, 0)) | H37: =IF(A37="","", IF(C37="Dekumulacja", Parametry!$B$3*12*D37, 0)) | I37: =IF(A37="","", MAX(0, H37-G37)) | J37: =IF(A37="","", MAX(0, E37+F37-I37)*Parametry!$B$7) | K37: =IF(A37="","", MAX(0, K36 + F37 - I37 * MIN(1, K36 / MAX(1, E37+F37)))) | L37: =IF(A37="","", IF(Parametry!$B$11>0, I37 * (1 - MIN(1, K36 / MAX(1, E37+F37))) * Parametry!$B$11, 0)) | M37: =IF(A37="","", MAX(0, E37+F37-I37+J37-L37))
A38: =IF(Parametry!$B$8+37-1<=Parametry!$B$10, 37, "") | B38: =IF(A38="","", Parametry!$B$8+A38-1) | C38: =IF(A38="","", IF(B38>=Parametry!$B$9, "Dekumulacja", "Akumulacja")) | D38: =IF(A38="","", D37*(1+Parametry!$B$6)) | E38: =IF(A38="","", M37) | F38: =IF(A38="","", IF(C38="Akumulacja", Parametry!$B$5*12*D38, 0)) | G38: =IF(A38="","", IF(C38="Dekumulacja", Parametry!$B$4*12*D38, 0)) | H38: =IF(A38="","", IF(C38="Dekumulacja", Parametry!$B$3*12*D38, 0)) | I38: =IF(A38="","", MAX(0, H38-G38)) | J38: =IF(A38="","", MAX(0, E38+F38-I38)*Parametry!$B$7) | K38: =IF(A38="","", MAX(0, K37 + F38 - I38 * MIN(1, K37 / MAX(1, E38+F38)))) | L38: =IF(A38="","", IF(Parametry!$B$11>0, I38 * (1 - MIN(1, K37 / MAX(1, E38+F38))) * Parametry!$B$11, 0)) | M38: =IF(A38="","", MAX(0, E38+F38-I38+J38-L38))
A39: =IF(Parametry!$B$8+38-1<=Parametry!$B$10, 38, "") | B39: =IF(A39="","", Parametry!$B$8+A39-1) | C39: =IF(A39="","", IF(B39>=Parametry!$B$9, "Dekumulacja", "Akumulacja")) | D39: =IF(A39="","", D38*(1+Parametry!$B$6)) | E39: =IF(A39="","", M38) | F39: =IF(A39="","", IF(C39="Akumulacja", Parametry!$B$5*12*D39, 0)) | G39: =IF(A39="","", IF(C39="Dekumulacja", Parametry!$B$4*12*D39, 0)) | H39: =IF(A39="","", IF(C39="Dekumulacja", Parametry!$B$3*12*D39, 0)) | I39: =IF(A39="","", MAX(0, H39-G39)) | J39: =IF(A39="","", MAX(0, E39+F39-I39)*Parametry!$B$7) | K39: =IF(A39="","", MAX(0, K38 + F39 - I39 * MIN(1, K38 / MAX(1, E39+F39)))) | L39: =IF(A39="","", IF(Parametry!$B$11>0, I39 * (1 - MIN(1, K38 / MAX(1, E39+F39))) * Parametry!$B$11, 0)) | M39: =IF(A39="","", MAX(0, E39+F39-I39+J39-L39))
A40: =IF(Parametry!$B$8+39-1<=Parametry!$B$10, 39, "") | B40: =IF(A40="","", Parametry!$B$8+A40-1) | C40: =IF(A40="","", IF(B40>=Parametry!$B$9, "Dekumulacja", "Akumulacja")) | D40: =IF(A40="","", D39*(1+Parametry!$B$6)) | E40: =IF(A40="","", M39) | F40: =IF(A40="","", IF(C40="Akumulacja", Parametry!$B$5*12*D40, 0)) | G40: =IF(A40="","", IF(C40="Dekumulacja", Parametry!$B$4*12*D40, 0)) | H40: =IF(A40="","", IF(C40="Dekumulacja", Parametry!$B$3*12*D40, 0)) | I40: =IF(A40="","", MAX(0, H40-G40)) | J40: =IF(A40="","", MAX(0, E40+F40-I40)*Parametry!$B$7) | K40: =IF(A40="","", MAX(0, K39 + F40 - I40 * MIN(1, K39 / MAX(1, E40+F40)))) | L40: =IF(A40="","", IF(Parametry!$B$11>0, I40 * (1 - MIN(1, K39 / MAX(1, E40+F40))) * Parametry!$B$11, 0)) | M40: =IF(A40="","", MAX(0, E40+F40-I40+J40-L40))
A41: =IF(Parametry!$B$8+40-1<=Parametry!$B$10, 40, "") | B41: =IF(A41="","", Parametry!$B$8+A41-1) | C41: =IF(A41="","", IF(B41>=Parametry!$B$9, "Dekumulacja", "Akumulacja")) | D41: =IF(A41="","", D40*(1+Parametry!$B$6)) | E41: =IF(A41="","", M40) | F41: =IF(A41="","", IF(C41="Akumulacja", Parametry!$B$5*12*D41, 0)) | G41: =IF(A41="","", IF(C41="Dekumulacja", Parametry!$B$4*12*D41, 0)) | H41: =IF(A41="","", IF(C41="Dekumulacja", Parametry!$B$3*12*D41, 0)) | I41: =IF(A41="","", MAX(0, H41-G41)) | J41: =IF(A41="","", MAX(0, E41+F41-I41)*Parametry!$B$7) | K41: =IF(A41="","", MAX(0, K40 + F41 - I41 * MIN(1, K40 / MAX(1, E41+F41)))) | L41: =IF(A41="","", IF(Parametry!$B$11>0, I41 * (1 - MIN(1, K40 / MAX(1, E41+F41))) * Parametry!$B$11, 0)) | M41: =IF(A41="","", MAX(0, E41+F41-I41+J41-L41))
A42: =IF(Parametry!$B$8+41-1<=Parametry!$B$10, 41, "") | B42: =IF(A42="","", Parametry!$B$8+A42-1) | C42: =IF(A42="","", IF(B42>=Parametry!$B$9, "Dekumulacja", "Akumulacja")) | D42: =IF(A42="","", D41*(1+Parametry!$B$6)) | E42: =IF(A42="","", M41) | F42: =IF(A42="","", IF(C42="Akumulacja", Parametry!$B$5*12*D42, 0)) | G42: =IF(A42="","", IF(C42="Dekumulacja", Parametry!$B$4*12*D42, 0)) | H42: =IF(A42="","", IF(C42="Dekumulacja", Parametry!$B$3*12*D42, 0)) | I42: =IF(A42="","", MAX(0, H42-G42)) | J42: =IF(A42="","", MAX(0, E42+F42-I42)*Parametry!$B$7) | K42: =IF(A42="","", MAX(0, K41 + F42 - I42 * MIN(1, K41 / MAX(1, E42+F42)))) | L42: =IF(A42="","", IF(Parametry!$B$11>0, I42 * (1 - MIN(1, K41 / MAX(1, E42+F42))) * Parametry!$B$11, 0)) | M42: =IF(A42="","", MAX(0, E42+F42-I42+J42-L42))
A43: =IF(Parametry!$B$8+42-1<=Parametry!$B$10, 42, "") | B43: =IF(A43="","", Parametry!$B$8+A43-1) | C43: =IF(A43="","", IF(B43>=Parametry!$B$9, "Dekumulacja", "Akumulacja")) | D43: =IF(A43="","", D42*(1+Parametry!$B$6)) | E43: =IF(A43="","", M42) | F43: =IF(A43="","", IF(C43="Akumulacja", Parametry!$B$5*12*D43, 0)) | G43: =IF(A43="","", IF(C43="Dekumulacja", Parametry!$B$4*12*D43, 0)) | H43: =IF(A43="","", IF(C43="Dekumulacja", Parametry!$B$3*12*D43, 0)) | I43: =IF(A43="","", MAX(0, H43-G43)) | J43: =IF(A43="","", MAX(0, E43+F43-I43)*Parametry!$B$7) | K43: =IF(A43="","", MAX(0, K42 + F43 - I43 * MIN(1, K42 / MAX(1, E43+F43)))) | L43: =IF(A43="","", IF(Parametry!$B$11>0, I43 * (1 - MIN(1, K42 / MAX(1, E43+F43))) * Parametry!$B$11, 0)) | M43: =IF(A43="","", MAX(0, E43+F43-I43+J43-L43))
A44: =IF(Parametry!$B$8+43-1<=Parametry!$B$10, 43, "") | B44: =IF(A44="","", Parametry!$B$8+A44-1) | C44: =IF(A44="","", IF(B44>=Parametry!$B$9, "Dekumulacja", "Akumulacja")) | D44: =IF(A44="","", D43*(1+Parametry!$B$6)) | E44: =IF(A44="","", M43) | F44: =IF(A44="","", IF(C44="Akumulacja", Parametry!$B$5*12*D44, 0)) | G44: =IF(A44="","", IF(C44="Dekumulacja", Parametry!$B$4*12*D44, 0)) | H44: =IF(A44="","", IF(C44="Dekumulacja", Parametry!$B$3*12*D44, 0)) | I44: =IF(A44="","", MAX(0, H44-G44)) | J44: =IF(A44="","", MAX(0, E44+F44-I44)*Parametry!$B$7) | K44: =IF(A44="","", MAX(0, K43 + F44 - I44 * MIN(1, K43 / MAX(1, E44+F44)))) | L44: =IF(A44="","", IF(Parametry!$B$11>0, I44 * (1 - MIN(1, K43 / MAX(1, E44+F44))) * Parametry!$B$11, 0)) | M44: =IF(A44="","", MAX(0, E44+F44-I44+J44-L44))
A45: =IF(Parametry!$B$8+44-1<=Parametry!$B$10, 44, "") | B45: =IF(A45="","", Parametry!$B$8+A45-1) | C45: =IF(A45="","", IF(B45>=Parametry!$B$9, "Dekumulacja", "Akumulacja")) | D45: =IF(A45="","", D44*(1+Parametry!$B$6)) | E45: =IF(A45="","", M44) | F45: =IF(A45="","", IF(C45="Akumulacja", Parametry!$B$5*12*D45, 0)) | G45: =IF(A45="","", IF(C45="Dekumulacja", Parametry!$B$4*12*D45, 0)) | H45: =IF(A45="","", IF(C45="Dekumulacja", Parametry!$B$3*12*D45, 0)) | I45: =IF(A45="","", MAX(0, H45-G45)) | J45: =IF(A45="","", MAX(0, E45+F45-I45)*Parametry!$B$7) | K45: =IF(A45="","", MAX(0, K44 + F45 - I45 * MIN(1, K44 / MAX(1, E45+F45)))) | L45: =IF(A45="","", IF(Parametry!$B$11>0, I45 * (1 - MIN(1, K44 / MAX(1, E45+F45))) * Parametry!$B$11, 0)) | M45: =IF(A45="","", MAX(0, E45+F45-I45+J45-L45))
A46: =IF(Parametry!$B$8+45-1<=Parametry!$B$10, 45, "") | B46: =IF(A46="","", Parametry!$B$8+A46-1) | C46: =IF(A46="","", IF(B46>=Parametry!$B$9, "Dekumulacja", "Akumulacja")) | D46: =IF(A46="","", D45*(1+Parametry!$B$6)) | E46: =IF(A46="","", M45) | F46: =IF(A46="","", IF(C46="Akumulacja", Parametry!$B$5*12*D46, 0)) | G46: =IF(A46="","", IF(C46="Dekumulacja", Parametry!$B$4*12*D46, 0)) | H46: =IF(A46="","", IF(C46="Dekumulacja", Parametry!$B$3*12*D46, 0)) | I46: =IF(A46="","", MAX(0, H46-G46)) | J46: =IF(A46="","", MAX(0, E46+F46-I46)*Parametry!$B$7) | K46: =IF(A46="","", MAX(0, K45 + F46 - I46 * MIN(1, K45 / MAX(1, E46+F46)))) | L46: =IF(A46="","", IF(Parametry!$B$11>0, I46 * (1 - MIN(1, K45 / MAX(1, E46+F46))) * Parametry!$B$11, 0)) | M46: =IF(A46="","", MAX(0, E46+F46-I46+J46-L46))
A47: =IF(Parametry!$B$8+46-1<=Parametry!$B$10, 46, "") | B47: =IF(A47="","", Parametry!$B$8+A47-1) | C47: =IF(A47="","", IF(B47>=Parametry!$B$9, "Dekumulacja", "Akumulacja")) | D47: =IF(A47="","", D46*(1+Parametry!$B$6)) | E47: =IF(A47="","", M46) | F47: =IF(A47="","", IF(C47="Akumulacja", Parametry!$B$5*12*D47, 0)) | G47: =IF(A47="","", IF(C47="Dekumulacja", Parametry!$B$4*12*D47, 0)) | H47: =IF(A47="","", IF(C47="Dekumulacja", Parametry!$B$3*12*D47, 0)) | I47: =IF(A47="","", MAX(0, H47-G47)) | J47: =IF(A47="","", MAX(0, E47+F47-I47)*Parametry!$B$7) | K47: =IF(A47="","", MAX(0, K46 + F47 - I47 * MIN(1, K46 / MAX(1, E47+F47)))) | L47: =IF(A47="","", IF(Parametry!$B$11>0, I47 * (1 - MIN(1, K46 / MAX(1, E47+F47))) * Parametry!$B$11, 0)) | M47: =IF(A47="","", MAX(0, E47+F47-I47+J47-L47))
A48: =IF(Parametry!$B$8+47-1<=Parametry!$B$10, 47, "") | B48: =IF(A48="","", Parametry!$B$8+A48-1) | C48: =IF(A48="","", IF(B48>=Parametry!$B$9, "Dekumulacja", "Akumulacja")) | D48: =IF(A48="","", D47*(1+Parametry!$B$6)) | E48: =IF(A48="","", M47) | F48: =IF(A48="","", IF(C48="Akumulacja", Parametry!$B$5*12*D48, 0)) | G48: =IF(A48="","", IF(C48="Dekumulacja", Parametry!$B$4*12*D48, 0)) | H48: =IF(A48="","", IF(C48="Dekumulacja", Parametry!$B$3*12*D48, 0)) | I48: =IF(A48="","", MAX(0, H48-G48)) | J48: =IF(A48="","", MAX(0, E48+F48-I48)*Parametry!$B$7) | K48: =IF(A48="","", MAX(0, K47 + F48 - I48 * MIN(1, K47 / MAX(1, E48+F48)))) | L48: =IF(A48="","", IF(Parametry!$B$11>0, I48 * (1 - MIN(1, K47 / MAX(1, E48+F48))) * Parametry!$B$11, 0)) | M48: =IF(A48="","", MAX(0, E48+F48-I48+J48-L48))
A49: =IF(Parametry!$B$8+48-1<=Parametry!$B$10, 48, "") | B49: =IF(A49="","", Parametry!$B$8+A49-1) | C49: =IF(A49="","", IF(B49>=Parametry!$B$9, "Dekumulacja", "Akumulacja")) | D49: =IF(A49="","", D48*(1+Parametry!$B$6)) | E49: =IF(A49="","", M48) | F49: =IF(A49="","", IF(C49="Akumulacja", Parametry!$B$5*12*D49, 0)) | G49: =IF(A49="","", IF(C49="Dekumulacja", Parametry!$B$4*12*D49, 0)) | H49: =IF(A49="","", IF(C49="Dekumulacja", Parametry!$B$3*12*D49, 0)) | I49: =IF(A49="","", MAX(0, H49-G49)) | J49: =IF(A49="","", MAX(0, E49+F49-I49)*Parametry!$B$7) | K49: =IF(A49="","", MAX(0, K48 + F49 - I49 * MIN(1, K48 / MAX(1, E49+F49)))) | L49: =IF(A49="","", IF(Parametry!$B$11>0, I49 * (1 - MIN(1, K48 / MAX(1, E49+F49))) * Parametry!$B$11, 0)) | M49: =IF(A49="","", MAX(0, E49+F49-I49+J49-L49))
A50: =IF(Parametry!$B$8+49-1<=Parametry!$B$10, 49, "") | B50: =IF(A50="","", Parametry!$B$8+A50-1) | C50: =IF(A50="","", IF(B50>=Parametry!$B$9, "Dekumulacja", "Akumulacja")) | D50: =IF(A50="","", D49*(1+Parametry!$B$6)) | E50: =IF(A50="","", M49) | F50: =IF(A50="","", IF(C50="Akumulacja", Parametry!$B$5*12*D50, 0)) | G50: =IF(A50="","", IF(C50="Dekumulacja", Parametry!$B$4*12*D50, 0)) | H50: =IF(A50="","", IF(C50="Dekumulacja", Parametry!$B$3*12*D50, 0)) | I50: =IF(A50="","", MAX(0, H50-G50)) | J50: =IF(A50="","", MAX(0, E50+F50-I50)*Parametry!$B$7) | K50: =IF(A50="","", MAX(0, K49 + F50 - I50 * MIN(1, K49 / MAX(1, E50+F50)))) | L50: =IF(A50="","", IF(Parametry!$B$11>0, I50 * (1 - MIN(1, K49 / MAX(1, E50+F50))) * Parametry!$B$11, 0)) | M50: =IF(A50="","", MAX(0, E50+F50-I50+J50-L50))
A51: =IF(Parametry!$B$8+50-1<=Parametry!$B$10, 50, "") | B51: =IF(A51="","", Parametry!$B$8+A51-1) | C51: =IF(A51="","", IF(B51>=Parametry!$B$9, "Dekumulacja", "Akumulacja")) | D51: =IF(A51="","", D50*(1+Parametry!$B$6)) | E51: =IF(A51="","", M50) | F51: =IF(A51="","", IF(C51="Akumulacja", Parametry!$B$5*12*D51, 0)) | G51: =IF(A51="","", IF(C51="Dekumulacja", Parametry!$B$4*12*D51, 0)) | H51: =IF(A51="","", IF(C51="Dekumulacja", Parametry!$B$3*12*D51, 0)) | I51: =IF(A51="","", MAX(0, H51-G51)) | J51: =IF(A51="","", MAX(0, E51+F51-I51)*Parametry!$B$7) | K51: =IF(A51="","", MAX(0, K50 + F51 - I51 * MIN(1, K50 / MAX(1, E51+F51)))) | L51: =IF(A51="","", IF(Parametry!$B$11>0, I51 * (1 - MIN(1, K50 / MAX(1, E51+F51))) * Parametry!$B$11, 0)) | M51: =IF(A51="","", MAX(0, E51+F51-I51+J51-L51))
A52: =IF(Parametry!$B$8+51-1<=Parametry!$B$10, 51, "") | B52: =IF(A52="","", Parametry!$B$8+A52-1) | C52: =IF(A52="","", IF(B52>=Parametry!$B$9, "Dekumulacja", "Akumulacja")) | D52: =IF(A52="","", D51*(1+Parametry!$B$6)) | E52: =IF(A52="","", M51) | F52: =IF(A52="","", IF(C52="Akumulacja", Parametry!$B$5*12*D52, 0)) | G52: =IF(A52="","", IF(C52="Dekumulacja", Parametry!$B$4*12*D52, 0)) | H52: =IF(A52="","", IF(C52="Dekumulacja", Parametry!$B$3*12*D52, 0)) | I52: =IF(A52="","", MAX(0, H52-G52)) | J52: =IF(A52="","", MAX(0, E52+F52-I52)*Parametry!$B$7) | K52: =IF(A52="","", MAX(0, K51 + F52 - I52 * MIN(1, K51 / MAX(1, E52+F52)))) | L52: =IF(A52="","", IF(Parametry!$B$11>0, I52 * (1 - MIN(1, K51 / MAX(1, E52+F52))) * Parametry!$B$11, 0)) | M52: =IF(A52="","", MAX(0, E52+F52-I52+J52-L52))
A53: =IF(Parametry!$B$8+52-1<=Parametry!$B$10, 52, "") | B53: =IF(A53="","", Parametry!$B$8+A53-1) | C53: =IF(A53="","", IF(B53>=Parametry!$B$9, "Dekumulacja", "Akumulacja")) | D53: =IF(A53="","", D52*(1+Parametry!$B$6)) | E53: =IF(A53="","", M52) | F53: =IF(A53="","", IF(C53="Akumulacja", Parametry!$B$5*12*D53, 0)) | G53: =IF(A53="","", IF(C53="Dekumulacja", Parametry!$B$4*12*D53, 0)) | H53: =IF(A53="","", IF(C53="Dekumulacja", Parametry!$B$3*12*D53, 0)) | I53: =IF(A53="","", MAX(0, H53-G53)) | J53: =IF(A53="","", MAX(0, E53+F53-I53)*Parametry!$B$7) | K53: =IF(A53="","", MAX(0, K52 + F53 - I53 * MIN(1, K52 / MAX(1, E53+F53)))) | L53: =IF(A53="","", IF(Parametry!$B$11>0, I53 * (1 - MIN(1, K52 / MAX(1, E53+F53))) * Parametry!$B$11, 0)) | M53: =IF(A53="","", MAX(0, E53+F53-I53+J53-L53))
A54: =IF(Parametry!$B$8+53-1<=Parametry!$B$10, 53, "") | B54: =IF(A54="","", Parametry!$B$8+A54-1) | C54: =IF(A54="","", IF(B54>=Parametry!$B$9, "Dekumulacja", "Akumulacja")) | D54: =IF(A54="","", D53*(1+Parametry!$B$6)) | E54: =IF(A54="","", M53) | F54: =IF(A54="","", IF(C54="Akumulacja", Parametry!$B$5*12*D54, 0)) | G54: =IF(A54="","", IF(C54="Dekumulacja", Parametry!$B$4*12*D54, 0)) | H54: =IF(A54="","", IF(C54="Dekumulacja", Parametry!$B$3*12*D54, 0)) | I54: =IF(A54="","", MAX(0, H54-G54)) | J54: =IF(A54="","", MAX(0, E54+F54-I54)*Parametry!$B$7) | K54: =IF(A54="","", MAX(0, K53 + F54 - I54 * MIN(1, K53 / MAX(1, E54+F54)))) | L54: =IF(A54="","", IF(Parametry!$B$11>0, I54 * (1 - MIN(1, K53 / MAX(1, E54+F54))) * Parametry!$B$11, 0)) | M54: =IF(A54="","", MAX(0, E54+F54-I54+J54-L54))
A55: =IF(Parametry!$B$8+54-1<=Parametry!$B$10, 54, "") | B55: =IF(A55="","", Parametry!$B$8+A55-1) | C55: =IF(A55="","", IF(B55>=Parametry!$B$9, "Dekumulacja", "Akumulacja")) | D55: =IF(A55="","", D54*(1+Parametry!$B$6)) | E55: =IF(A55="","", M54) | F55: =IF(A55="","", IF(C55="Akumulacja", Parametry!$B$5*12*D55, 0)) | G55: =IF(A55="","", IF(C55="Dekumulacja", Parametry!$B$4*12*D55, 0)) | H55: =IF(A55="","", IF(C55="Dekumulacja", Parametry!$B$3*12*D55, 0)) | I55: =IF(A55="","", MAX(0, H55-G55)) | J55: =IF(A55="","", MAX(0, E55+F55-I55)*Parametry!$B$7) | K55: =IF(A55="","", MAX(0, K54 + F55 - I55 * MIN(1, K54 / MAX(1, E55+F55)))) | L55: =IF(A55="","", IF(Parametry!$B$11>0, I55 * (1 - MIN(1, K54 / MAX(1, E55+F55))) * Parametry!$B$11, 0)) | M55: =IF(A55="","", MAX(0, E55+F55-I55+J55-L55))
A56: =IF(Parametry!$B$8+55-1<=Parametry!$B$10, 55, "") | B56: =IF(A56="","", Parametry!$B$8+A56-1) | C56: =IF(A56="","", IF(B56>=Parametry!$B$9, "Dekumulacja", "Akumulacja")) | D56: =IF(A56="","", D55*(1+Parametry!$B$6)) | E56: =IF(A56="","", M55) | F56: =IF(A56="","", IF(C56="Akumulacja", Parametry!$B$5*12*D56, 0)) | G56: =IF(A56="","", IF(C56="Dekumulacja", Parametry!$B$4*12*D56, 0)) | H56: =IF(A56="","", IF(C56="Dekumulacja", Parametry!$B$3*12*D56, 0)) | I56: =IF(A56="","", MAX(0, H56-G56)) | J56: =IF(A56="","", MAX(0, E56+F56-I56)*Parametry!$B$7) | K56: =IF(A56="","", MAX(0, K55 + F56 - I56 * MIN(1, K55 / MAX(1, E56+F56)))) | L56: =IF(A56="","", IF(Parametry!$B$11>0, I56 * (1 - MIN(1, K55 / MAX(1, E56+F56))) * Parametry!$B$11, 0)) | M56: =IF(A56="","", MAX(0, E56+F56-I56+J56-L56))
A57: =IF(Parametry!$B$8+56-1<=Parametry!$B$10, 56, "") | B57: =IF(A57="","", Parametry!$B$8+A57-1) | C57: =IF(A57="","", IF(B57>=Parametry!$B$9, "Dekumulacja", "Akumulacja")) | D57: =IF(A57="","", D56*(1+Parametry!$B$6)) | E57: =IF(A57="","", M56) | F57: =IF(A57="","", IF(C57="Akumulacja", Parametry!$B$5*12*D57, 0)) | G57: =IF(A57="","", IF(C57="Dekumulacja", Parametry!$B$4*12*D57, 0)) | H57: =IF(A57="","", IF(C57="Dekumulacja", Parametry!$B$3*12*D57, 0)) | I57: =IF(A57="","", MAX(0, H57-G57)) | J57: =IF(A57="","", MAX(0, E57+F57-I57)*Parametry!$B$7) | K57: =IF(A57="","", MAX(0, K56 + F57 - I57 * MIN(1, K56 / MAX(1, E57+F57)))) | L57: =IF(A57="","", IF(Parametry!$B$11>0, I57 * (1 - MIN(1, K56 / MAX(1, E57+F57))) * Parametry!$B$11, 0)) | M57: =IF(A57="","", MAX(0, E57+F57-I57+J57-L57))
A58: =IF(Parametry!$B$8+57-1<=Parametry!$B$10, 57, "") | B58: =IF(A58="","", Parametry!$B$8+A58-1) | C58: =IF(A58="","", IF(B58>=Parametry!$B$9, "Dekumulacja", "Akumulacja")) | D58: =IF(A58="","", D57*(1+Parametry!$B$6)) | E58: =IF(A58="","", M57) | F58: =IF(A58="","", IF(C58="Akumulacja", Parametry!$B$5*12*D58, 0)) | G58: =IF(A58="","", IF(C58="Dekumulacja", Parametry!$B$4*12*D58, 0)) | H58: =IF(A58="","", IF(C58="Dekumulacja", Parametry!$B$3*12*D58, 0)) | I58: =IF(A58="","", MAX(0, H58-G58)) | J58: =IF(A58="","", MAX(0, E58+F58-I58)*Parametry!$B$7) | K58: =IF(A58="","", MAX(0, K57 + F58 - I58 * MIN(1, K57 / MAX(1, E58+F58)))) | L58: =IF(A58="","", IF(Parametry!$B$11>0, I58 * (1 - MIN(1, K57 / MAX(1, E58+F58))) * Parametry!$B$11, 0)) | M58: =IF(A58="","", MAX(0, E58+F58-I58+J58-L58))
A59: =IF(Parametry!$B$8+58-1<=Parametry!$B$10, 58, "") | B59: =IF(A59="","", Parametry!$B$8+A59-1) | C59: =IF(A59="","", IF(B59>=Parametry!$B$9, "Dekumulacja", "Akumulacja")) | D59: =IF(A59="","", D58*(1+Parametry!$B$6)) | E59: =IF(A59="","", M58) | F59: =IF(A59="","", IF(C59="Akumulacja", Parametry!$B$5*12*D59, 0)) | G59: =IF(A59="","", IF(C59="Dekumulacja", Parametry!$B$4*12*D59, 0)) | H59: =IF(A59="","", IF(C59="Dekumulacja", Parametry!$B$3*12*D59, 0)) | I59: =IF(A59="","", MAX(0, H59-G59)) | J59: =IF(A59="","", MAX(0, E59+F59-I59)*Parametry!$B$7) | K59: =IF(A59="","", MAX(0, K58 + F59 - I59 * MIN(1, K58 / MAX(1, E59+F59)))) | L59: =IF(A59="","", IF(Parametry!$B$11>0, I59 * (1 - MIN(1, K58 / MAX(1, E59+F59))) * Parametry!$B$11, 0)) | M59: =IF(A59="","", MAX(0, E59+F59-I59+J59-L59))
A60: =IF(Parametry!$B$8+59-1<=Parametry!$B$10, 59, "") | B60: =IF(A60="","", Parametry!$B$8+A60-1) | C60: =IF(A60="","", IF(B60>=Parametry!$B$9, "Dekumulacja", "Akumulacja")) | D60: =IF(A60="","", D59*(1+Parametry!$B$6)) | E60: =IF(A60="","", M59) | F60: =IF(A60="","", IF(C60="Akumulacja", Parametry!$B$5*12*D60, 0)) | G60: =IF(A60="","", IF(C60="Dekumulacja", Parametry!$B$4*12*D60, 0)) | H60: =IF(A60="","", IF(C60="Dekumulacja", Parametry!$B$3*12*D60, 0)) | I60: =IF(A60="","", MAX(0, H60-G60)) | J60: =IF(A60="","", MAX(0, E60+F60-I60)*Parametry!$B$7) | K60: =IF(A60="","", MAX(0, K59 + F60 - I60 * MIN(1, K59 / MAX(1, E60+F60)))) | L60: =IF(A60="","", IF(Parametry!$B$11>0, I60 * (1 - MIN(1, K59 / MAX(1, E60+F60))) * Parametry!$B$11, 0)) | M60: =IF(A60="","", MAX(0, E60+F60-I60+J60-L60))
A61: =IF(Parametry!$B$8+60-1<=Parametry!$B$10, 60, "") | B61: =IF(A61="","", Parametry!$B$8+A61-1) | C61: =IF(A61="","", IF(B61>=Parametry!$B$9, "Dekumulacja", "Akumulacja")) | D61: =IF(A61="","", D60*(1+Parametry!$B$6)) | E61: =IF(A61="","", M60) | F61: =IF(A61="","", IF(C61="Akumulacja", Parametry!$B$5*12*D61, 0)) | G61: =IF(A61="","", IF(C61="Dekumulacja", Parametry!$B$4*12*D61, 0)) | H61: =IF(A61="","", IF(C61="Dekumulacja", Parametry!$B$3*12*D61, 0)) | I61: =IF(A61="","", MAX(0, H61-G61)) | J61: =IF(A61="","", MAX(0, E61+F61-I61)*Parametry!$B$7) | K61: =IF(A61="","", MAX(0, K60 + F61 - I61 * MIN(1, K60 / MAX(1, E61+F61)))) | L61: =IF(A61="","", IF(Parametry!$B$11>0, I61 * (1 - MIN(1, K60 / MAX(1, E61+F61))) * Parametry!$B$11, 0)) | M61: =IF(A61="","", MAX(0, E61+F61-I61+J61-L61))
A62: =IF(Parametry!$B$8+61-1<=Parametry!$B$10, 61, "") | B62: =IF(A62="","", Parametry!$B$8+A62-1) | C62: =IF(A62="","", IF(B62>=Parametry!$B$9, "Dekumulacja", "Akumulacja")) | D62: =IF(A62="","", D61*(1+Parametry!$B$6)) | E62: =IF(A62="","", M61) | F62: =IF(A62="","", IF(C62="Akumulacja", Parametry!$B$5*12*D62, 0)) | G62: =IF(A62="","", IF(C62="Dekumulacja", Parametry!$B$4*12*D62, 0)) | H62: =IF(A62="","", IF(C62="Dekumulacja", Parametry!$B$3*12*D62, 0)) | I62: =IF(A62="","", MAX(0, H62-G62)) | J62: =IF(A62="","", MAX(0, E62+F62-I62)*Parametry!$B$7) | K62: =IF(A62="","", MAX(0, K61 + F62 - I62 * MIN(1, K61 / MAX(1, E62+F62)))) | L62: =IF(A62="","", IF(Parametry!$B$11>0, I62 * (1 - MIN(1, K61 / MAX(1, E62+F62))) * Parametry!$B$11, 0)) | M62: =IF(A62="","", MAX(0, E62+F62-I62+J62-L62))
A63: =IF(Parametry!$B$8+62-1<=Parametry!$B$10, 62, "") | B63: =IF(A63="","", Parametry!$B$8+A63-1) | C63: =IF(A63="","", IF(B63>=Parametry!$B$9, "Dekumulacja", "Akumulacja")) | D63: =IF(A63="","", D62*(1+Parametry!$B$6)) | E63: =IF(A63="","", M62) | F63: =IF(A63="","", IF(C63="Akumulacja", Parametry!$B$5*12*D63, 0)) | G63: =IF(A63="","", IF(C63="Dekumulacja", Parametry!$B$4*12*D63, 0)) | H63: =IF(A63="","", IF(C63="Dekumulacja", Parametry!$B$3*12*D63, 0)) | I63: =IF(A63="","", MAX(0, H63-G63)) | J63: =IF(A63="","", MAX(0, E63+F63-I63)*Parametry!$B$7) | K63: =IF(A63="","", MAX(0, K62 + F63 - I63 * MIN(1, K62 / MAX(1, E63+F63)))) | L63: =IF(A63="","", IF(Parametry!$B$11>0, I63 * (1 - MIN(1, K62 / MAX(1, E63+F63))) * Parametry!$B$11, 0)) | M63: =IF(A63="","", MAX(0, E63+F63-I63+J63-L63))
A64: =IF(Parametry!$B$8+63-1<=Parametry!$B$10, 63, "") | B64: =IF(A64="","", Parametry!$B$8+A64-1) | C64: =IF(A64="","", IF(B64>=Parametry!$B$9, "Dekumulacja", "Akumulacja")) | D64: =IF(A64="","", D63*(1+Parametry!$B$6)) | E64: =IF(A64="","", M63) | F64: =IF(A64="","", IF(C64="Akumulacja", Parametry!$B$5*12*D64, 0)) | G64: =IF(A64="","", IF(C64="Dekumulacja", Parametry!$B$4*12*D64, 0)) | H64: =IF(A64="","", IF(C64="Dekumulacja", Parametry!$B$3*12*D64, 0)) | I64: =IF(A64="","", MAX(0, H64-G64)) | J64: =IF(A64="","", MAX(0, E64+F64-I64)*Parametry!$B$7) | K64: =IF(A64="","", MAX(0, K63 + F64 - I64 * MIN(1, K63 / MAX(1, E64+F64)))) | L64: =IF(A64="","", IF(Parametry!$B$11>0, I64 * (1 - MIN(1, K63 / MAX(1, E64+F64))) * Parametry!$B$11, 0)) | M64: =IF(A64="","", MAX(0, E64+F64-I64+J64-L64))
A65: =IF(Parametry!$B$8+64-1<=Parametry!$B$10, 64, "") | B65: =IF(A65="","", Parametry!$B$8+A65-1) | C65: =IF(A65="","", IF(B65>=Parametry!$B$9, "Dekumulacja", "Akumulacja")) | D65: =IF(A65="","", D64*(1+Parametry!$B$6)) | E65: =IF(A65="","", M64) | F65: =IF(A65="","", IF(C65="Akumulacja", Parametry!$B$5*12*D65, 0)) | G65: =IF(A65="","", IF(C65="Dekumulacja", Parametry!$B$4*12*D65, 0)) | H65: =IF(A65="","", IF(C65="Dekumulacja", Parametry!$B$3*12*D65, 0)) | I65: =IF(A65="","", MAX(0, H65-G65)) | J65: =IF(A65="","", MAX(0, E65+F65-I65)*Parametry!$B$7) | K65: =IF(A65="","", MAX(0, K64 + F65 - I65 * MIN(1, K64 / MAX(1, E65+F65)))) | L65: =IF(A65="","", IF(Parametry!$B$11>0, I65 * (1 - MIN(1, K64 / MAX(1, E65+F65))) * Parametry!$B$11, 0)) | M65: =IF(A65="","", MAX(0, E65+F65-I65+J65-L65))
A66: =IF(Parametry!$B$8+65-1<=Parametry!$B$10, 65, "") | B66: =IF(A66="","", Parametry!$B$8+A66-1) | C66: =IF(A66="","", IF(B66>=Parametry!$B$9, "Dekumulacja", "Akumulacja")) | D66: =IF(A66="","", D65*(1+Parametry!$B$6)) | E66: =IF(A66="","", M65) | F66: =IF(A66="","", IF(C66="Akumulacja", Parametry!$B$5*12*D66, 0)) | G66: =IF(A66="","", IF(C66="Dekumulacja", Parametry!$B$4*12*D66, 0)) | H66: =IF(A66="","", IF(C66="Dekumulacja", Parametry!$B$3*12*D66, 0)) | I66: =IF(A66="","", MAX(0, H66-G66)) | J66: =IF(A66="","", MAX(0, E66+F66-I66)*Parametry!$B$7) | K66: =IF(A66="","", MAX(0, K65 + F66 - I66 * MIN(1, K65 / MAX(1, E66+F66)))) | L66: =IF(A66="","", IF(Parametry!$B$11>0, I66 * (1 - MIN(1, K65 / MAX(1, E66+F66))) * Parametry!$B$11, 0)) | M66: =IF(A66="","", MAX(0, E66+F66-I66+J66-L66))
A67: =IF(Parametry!$B$8+66-1<=Parametry!$B$10, 66, "") | B67: =IF(A67="","", Parametry!$B$8+A67-1) | C67: =IF(A67="","", IF(B67>=Parametry!$B$9, "Dekumulacja", "Akumulacja")) | D67: =IF(A67="","", D66*(1+Parametry!$B$6)) | E67: =IF(A67="","", M66) | F67: =IF(A67="","", IF(C67="Akumulacja", Parametry!$B$5*12*D67, 0)) | G67: =IF(A67="","", IF(C67="Dekumulacja", Parametry!$B$4*12*D67, 0)) | H67: =IF(A67="","", IF(C67="Dekumulacja", Parametry!$B$3*12*D67, 0)) | I67: =IF(A67="","", MAX(0, H67-G67)) | J67: =IF(A67="","", MAX(0, E67+F67-I67)*Parametry!$B$7) | K67: =IF(A67="","", MAX(0, K66 + F67 - I67 * MIN(1, K66 / MAX(1, E67+F67)))) | L67: =IF(A67="","", IF(Parametry!$B$11>0, I67 * (1 - MIN(1, K66 / MAX(1, E67+F67))) * Parametry!$B$11, 0)) | M67: =IF(A67="","", MAX(0, E67+F67-I67+J67-L67))
A68: =IF(Parametry!$B$8+67-1<=Parametry!$B$10, 67, "") | B68: =IF(A68="","", Parametry!$B$8+A68-1) | C68: =IF(A68="","", IF(B68>=Parametry!$B$9, "Dekumulacja", "Akumulacja")) | D68: =IF(A68="","", D67*(1+Parametry!$B$6)) | E68: =IF(A68="","", M67) | F68: =IF(A68="","", IF(C68="Akumulacja", Parametry!$B$5*12*D68, 0)) | G68: =IF(A68="","", IF(C68="Dekumulacja", Parametry!$B$4*12*D68, 0)) | H68: =IF(A68="","", IF(C68="Dekumulacja", Parametry!$B$3*12*D68, 0)) | I68: =IF(A68="","", MAX(0, H68-G68)) | J68: =IF(A68="","", MAX(0, E68+F68-I68)*Parametry!$B$7) | K68: =IF(A68="","", MAX(0, K67 + F68 - I68 * MIN(1, K67 / MAX(1, E68+F68)))) | L68: =IF(A68="","", IF(Parametry!$B$11>0, I68 * (1 - MIN(1, K67 / MAX(1, E68+F68))) * Parametry!$B$11, 0)) | M68: =IF(A68="","", MAX(0, E68+F68-I68+J68-L68))
A69: =IF(Parametry!$B$8+68-1<=Parametry!$B$10, 68, "") | B69: =IF(A69="","", Parametry!$B$8+A69-1) | C69: =IF(A69="","", IF(B69>=Parametry!$B$9, "Dekumulacja", "Akumulacja")) | D69: =IF(A69="","", D68*(1+Parametry!$B$6)) | E69: =IF(A69="","", M68) | F69: =IF(A69="","", IF(C69="Akumulacja", Parametry!$B$5*12*D69, 0)) | G69: =IF(A69="","", IF(C69="Dekumulacja", Parametry!$B$4*12*D69, 0)) | H69: =IF(A69="","", IF(C69="Dekumulacja", Parametry!$B$3*12*D69, 0)) | I69: =IF(A69="","", MAX(0, H69-G69)) | J69: =IF(A69="","", MAX(0, E69+F69-I69)*Parametry!$B$7) | K69: =IF(A69="","", MAX(0, K68 + F69 - I69 * MIN(1, K68 / MAX(1, E69+F69)))) | L69: =IF(A69="","", IF(Parametry!$B$11>0, I69 * (1 - MIN(1, K68 / MAX(1, E69+F69))) * Parametry!$B$11, 0)) | M69: =IF(A69="","", MAX(0, E69+F69-I69+J69-L69))
A70: =IF(Parametry!$B$8+69-1<=Parametry!$B$10, 69, "") | B70: =IF(A70="","", Parametry!$B$8+A70-1) | C70: =IF(A70="","", IF(B70>=Parametry!$B$9, "Dekumulacja", "Akumulacja")) | D70: =IF(A70="","", D69*(1+Parametry!$B$6)) | E70: =IF(A70="","", M69) | F70: =IF(A70="","", IF(C70="Akumulacja", Parametry!$B$5*12*D70, 0)) | G70: =IF(A70="","", IF(C70="Dekumulacja", Parametry!$B$4*12*D70, 0)) | H70: =IF(A70="","", IF(C70="Dekumulacja", Parametry!$B$3*12*D70, 0)) | I70: =IF(A70="","", MAX(0, H70-G70)) | J70: =IF(A70="","", MAX(0, E70+F70-I70)*Parametry!$B$7) | K70: =IF(A70="","", MAX(0, K69 + F70 - I70 * MIN(1, K69 / MAX(1, E70+F70)))) | L70: =IF(A70="","", IF(Parametry!$B$11>0, I70 * (1 - MIN(1, K69 / MAX(1, E70+F70))) * Parametry!$B$11, 0)) | M70: =IF(A70="","", MAX(0, E70+F70-I70+J70-L70))
A71: =IF(Parametry!$B$8+70-1<=Parametry!$B$10, 70, "") | B71: =IF(A71="","", Parametry!$B$8+A71-1) | C71: =IF(A71="","", IF(B71>=Parametry!$B$9, "Dekumulacja", "Akumulacja")) | D71: =IF(A71="","", D70*(1+Parametry!$B$6)) | E71: =IF(A71="","", M70) | F71: =IF(A71="","", IF(C71="Akumulacja", Parametry!$B$5*12*D71, 0)) | G71: =IF(A71="","", IF(C71="Dekumulacja", Parametry!$B$4*12*D71, 0)) | H71: =IF(A71="","", IF(C71="Dekumulacja", Parametry!$B$3*12*D71, 0)) | I71: =IF(A71="","", MAX(0, H71-G71)) | J71: =IF(A71="","", MAX(0, E71+F71-I71)*Parametry!$B$7) | K71: =IF(A71="","", MAX(0, K70 + F71 - I71 * MIN(1, K70 / MAX(1, E71+F71)))) | L71: =IF(A71="","", IF(Parametry!$B$11>0, I71 * (1 - MIN(1, K70 / MAX(1, E71+F71))) * Parametry!$B$11, 0)) | M71: =IF(A71="","", MAX(0, E71+F71-I71+J71-L71))
A72: =IF(Parametry!$B$8+71-1<=Parametry!$B$10, 71, "") | B72: =IF(A72="","", Parametry!$B$8+A72-1) | C72: =IF(A72="","", IF(B72>=Parametry!$B$9, "Dekumulacja", "Akumulacja")) | D72: =IF(A72="","", D71*(1+Parametry!$B$6)) | E72: =IF(A72="","", M71) | F72: =IF(A72="","", IF(C72="Akumulacja", Parametry!$B$5*12*D72, 0)) | G72: =IF(A72="","", IF(C72="Dekumulacja", Parametry!$B$4*12*D72, 0)) | H72: =IF(A72="","", IF(C72="Dekumulacja", Parametry!$B$3*12*D72, 0)) | I72: =IF(A72="","", MAX(0, H72-G72)) | J72: =IF(A72="","", MAX(0, E72+F72-I72)*Parametry!$B$7) | K72: =IF(A72="","", MAX(0, K71 + F72 - I72 * MIN(1, K71 / MAX(1, E72+F72)))) | L72: =IF(A72="","", IF(Parametry!$B$11>0, I72 * (1 - MIN(1, K71 / MAX(1, E72+F72))) * Parametry!$B$11, 0)) | M72: =IF(A72="","", MAX(0, E72+F72-I72+J72-L72))
A73: =IF(Parametry!$B$8+72-1<=Parametry!$B$10, 72, "") | B73: =IF(A73="","", Parametry!$B$8+A73-1) | C73: =IF(A73="","", IF(B73>=Parametry!$B$9, "Dekumulacja", "Akumulacja")) | D73: =IF(A73="","", D72*(1+Parametry!$B$6)) | E73: =IF(A73="","", M72) | F73: =IF(A73="","", IF(C73="Akumulacja", Parametry!$B$5*12*D73, 0)) | G73: =IF(A73="","", IF(C73="Dekumulacja", Parametry!$B$4*12*D73, 0)) | H73: =IF(A73="","", IF(C73="Dekumulacja", Parametry!$B$3*12*D73, 0)) | I73: =IF(A73="","", MAX(0, H73-G73)) | J73: =IF(A73="","", MAX(0, E73+F73-I73)*Parametry!$B$7) | K73: =IF(A73="","", MAX(0, K72 + F73 - I73 * MIN(1, K72 / MAX(1, E73+F73)))) | L73: =IF(A73="","", IF(Parametry!$B$11>0, I73 * (1 - MIN(1, K72 / MAX(1, E73+F73))) * Parametry!$B$11, 0)) | M73: =IF(A73="","", MAX(0, E73+F73-I73+J73-L73))
A74: =IF(Parametry!$B$8+73-1<=Parametry!$B$10, 73, "") | B74: =IF(A74="","", Parametry!$B$8+A74-1) | C74: =IF(A74="","", IF(B74>=Parametry!$B$9, "Dekumulacja", "Akumulacja")) | D74: =IF(A74="","", D73*(1+Parametry!$B$6)) | E74: =IF(A74="","", M73) | F74: =IF(A74="","", IF(C74="Akumulacja", Parametry!$B$5*12*D74, 0)) | G74: =IF(A74="","", IF(C74="Dekumulacja", Parametry!$B$4*12*D74, 0)) | H74: =IF(A74="","", IF(C74="Dekumulacja", Parametry!$B$3*12*D74, 0)) | I74: =IF(A74="","", MAX(0, H74-G74)) | J74: =IF(A74="","", MAX(0, E74+F74-I74)*Parametry!$B$7) | K74: =IF(A74="","", MAX(0, K73 + F74 - I74 * MIN(1, K73 / MAX(1, E74+F74)))) | L74: =IF(A74="","", IF(Parametry!$B$11>0, I74 * (1 - MIN(1, K73 / MAX(1, E74+F74))) * Parametry!$B$11, 0)) | M74: =IF(A74="","", MAX(0, E74+F74-I74+J74-L74))
A75: =IF(Parametry!$B$8+74-1<=Parametry!$B$10, 74, "") | B75: =IF(A75="","", Parametry!$B$8+A75-1) | C75: =IF(A75="","", IF(B75>=Parametry!$B$9, "Dekumulacja", "Akumulacja")) | D75: =IF(A75="","", D74*(1+Parametry!$B$6)) | E75: =IF(A75="","", M74) | F75: =IF(A75="","", IF(C75="Akumulacja", Parametry!$B$5*12*D75, 0)) | G75: =IF(A75="","", IF(C75="Dekumulacja", Parametry!$B$4*12*D75, 0)) | H75: =IF(A75="","", IF(C75="Dekumulacja", Parametry!$B$3*12*D75, 0)) | I75: =IF(A75="","", MAX(0, H75-G75)) | J75: =IF(A75="","", MAX(0, E75+F75-I75)*Parametry!$B$7) | K75: =IF(A75="","", MAX(0, K74 + F75 - I75 * MIN(1, K74 / MAX(1, E75+F75)))) | L75: =IF(A75="","", IF(Parametry!$B$11>0, I75 * (1 - MIN(1, K74 / MAX(1, E75+F75))) * Parametry!$B$11, 0)) | M75: =IF(A75="","", MAX(0, E75+F75-I75+J75-L75))
A76: =IF(Parametry!$B$8+75-1<=Parametry!$B$10, 75, "") | B76: =IF(A76="","", Parametry!$B$8+A76-1) | C76: =IF(A76="","", IF(B76>=Parametry!$B$9, "Dekumulacja", "Akumulacja")) | D76: =IF(A76="","", D75*(1+Parametry!$B$6)) | E76: =IF(A76="","", M75) | F76: =IF(A76="","", IF(C76="Akumulacja", Parametry!$B$5*12*D76, 0)) | G76: =IF(A76="","", IF(C76="Dekumulacja", Parametry!$B$4*12*D76, 0)) | H76: =IF(A76="","", IF(C76="Dekumulacja", Parametry!$B$3*12*D76, 0)) | I76: =IF(A76="","", MAX(0, H76-G76)) | J76: =IF(A76="","", MAX(0, E76+F76-I76)*Parametry!$B$7) | K76: =IF(A76="","", MAX(0, K75 + F76 - I76 * MIN(1, K75 / MAX(1, E76+F76)))) | L76: =IF(A76="","", IF(Parametry!$B$11>0, I76 * (1 - MIN(1, K75 / MAX(1, E76+F76))) * Parametry!$B$11, 0)) | M76: =IF(A76="","", MAX(0, E76+F76-I76+J76-L76))
A77: =IF(Parametry!$B$8+76-1<=Parametry!$B$10, 76, "") | B77: =IF(A77="","", Parametry!$B$8+A77-1) | C77: =IF(A77="","", IF(B77>=Parametry!$B$9, "Dekumulacja", "Akumulacja")) | D77: =IF(A77="","", D76*(1+Parametry!$B$6)) | E77: =IF(A77="","", M76) | F77: =IF(A77="","", IF(C77="Akumulacja", Parametry!$B$5*12*D77, 0)) | G77: =IF(A77="","", IF(C77="Dekumulacja", Parametry!$B$4*12*D77, 0)) | H77: =IF(A77="","", IF(C77="Dekumulacja", Parametry!$B$3*12*D77, 0)) | I77: =IF(A77="","", MAX(0, H77-G77)) | J77: =IF(A77="","", MAX(0, E77+F77-I77)*Parametry!$B$7) | K77: =IF(A77="","", MAX(0, K76 + F77 - I77 * MIN(1, K76 / MAX(1, E77+F77)))) | L77: =IF(A77="","", IF(Parametry!$B$11>0, I77 * (1 - MIN(1, K76 / MAX(1, E77+F77))) * Parametry!$B$11, 0)) | M77: =IF(A77="","", MAX(0, E77+F77-I77+J77-L77))
A78: =IF(Parametry!$B$8+77-1<=Parametry!$B$10, 77, "") | B78: =IF(A78="","", Parametry!$B$8+A78-1) | C78: =IF(A78="","", IF(B78>=Parametry!$B$9, "Dekumulacja", "Akumulacja")) | D78: =IF(A78="","", D77*(1+Parametry!$B$6)) | E78: =IF(A78="","", M77) | F78: =IF(A78="","", IF(C78="Akumulacja", Parametry!$B$5*12*D78, 0)) | G78: =IF(A78="","", IF(C78="Dekumulacja", Parametry!$B$4*12*D78, 0)) | H78: =IF(A78="","", IF(C78="Dekumulacja", Parametry!$B$3*12*D78, 0)) | I78: =IF(A78="","", MAX(0, H78-G78)) | J78: =IF(A78="","", MAX(0, E78+F78-I78)*Parametry!$B$7) | K78: =IF(A78="","", MAX(0, K77 + F78 - I78 * MIN(1, K77 / MAX(1, E78+F78)))) | L78: =IF(A78="","", IF(Parametry!$B$11>0, I78 * (1 - MIN(1, K77 / MAX(1, E78+F78))) * Parametry!$B$11, 0)) | M78: =IF(A78="","", MAX(0, E78+F78-I78+J78-L78))
A79: =IF(Parametry!$B$8+78-1<=Parametry!$B$10, 78, "") | B79: =IF(A79="","", Parametry!$B$8+A79-1) | C79: =IF(A79="","", IF(B79>=Parametry!$B$9, "Dekumulacja", "Akumulacja")) | D79: =IF(A79="","", D78*(1+Parametry!$B$6)) | E79: =IF(A79="","", M78) | F79: =IF(A79="","", IF(C79="Akumulacja", Parametry!$B$5*12*D79, 0)) | G79: =IF(A79="","", IF(C79="Dekumulacja", Parametry!$B$4*12*D79, 0)) | H79: =IF(A79="","", IF(C79="Dekumulacja", Parametry!$B$3*12*D79, 0)) | I79: =IF(A79="","", MAX(0, H79-G79)) | J79: =IF(A79="","", MAX(0, E79+F79-I79)*Parametry!$B$7) | K79: =IF(A79="","", MAX(0, K78 + F79 - I79 * MIN(1, K78 / MAX(1, E79+F79)))) | L79: =IF(A79="","", IF(Parametry!$B$11>0, I79 * (1 - MIN(1, K78 / MAX(1, E79+F79))) * Parametry!$B$11, 0)) | M79: =IF(A79="","", MAX(0, E79+F79-I79+J79-L79))
A80: =IF(Parametry!$B$8+79-1<=Parametry!$B$10, 79, "") | B80: =IF(A80="","", Parametry!$B$8+A80-1) | C80: =IF(A80="","", IF(B80>=Parametry!$B$9, "Dekumulacja", "Akumulacja")) | D80: =IF(A80="","", D79*(1+Parametry!$B$6)) | E80: =IF(A80="","", M79) | F80: =IF(A80="","", IF(C80="Akumulacja", Parametry!$B$5*12*D80, 0)) | G80: =IF(A80="","", IF(C80="Dekumulacja", Parametry!$B$4*12*D80, 0)) | H80: =IF(A80="","", IF(C80="Dekumulacja", Parametry!$B$3*12*D80, 0)) | I80: =IF(A80="","", MAX(0, H80-G80)) | J80: =IF(A80="","", MAX(0, E80+F80-I80)*Parametry!$B$7) | K80: =IF(A80="","", MAX(0, K79 + F80 - I80 * MIN(1, K79 / MAX(1, E80+F80)))) | L80: =IF(A80="","", IF(Parametry!$B$11>0, I80 * (1 - MIN(1, K79 / MAX(1, E80+F80))) * Parametry!$B$11, 0)) | M80: =IF(A80="","", MAX(0, E80+F80-I80+J80-L80))
A81: =IF(Parametry!$B$8+80-1<=Parametry!$B$10, 80, "") | B81: =IF(A81="","", Parametry!$B$8+A81-1) | C81: =IF(A81="","", IF(B81>=Parametry!$B$9, "Dekumulacja", "Akumulacja")) | D81: =IF(A81="","", D80*(1+Parametry!$B$6)) | E81: =IF(A81="","", M80) | F81: =IF(A81="","", IF(C81="Akumulacja", Parametry!$B$5*12*D81, 0)) | G81: =IF(A81="","", IF(C81="Dekumulacja", Parametry!$B$4*12*D81, 0)) | H81: =IF(A81="","", IF(C81="Dekumulacja", Parametry!$B$3*12*D81, 0)) | I81: =IF(A81="","", MAX(0, H81-G81)) | J81: =IF(A81="","", MAX(0, E81+F81-I81)*Parametry!$B$7) | K81: =IF(A81="","", MAX(0, K80 + F81 - I81 * MIN(1, K80 / MAX(1, E81+F81)))) | L81: =IF(A81="","", IF(Parametry!$B$11>0, I81 * (1 - MIN(1, K80 / MAX(1, E81+F81))) * Parametry!$B$11, 0)) | M81: =IF(A81="","", MAX(0, E81+F81-I81+J81-L81))
A82: =IF(Parametry!$B$8+81-1<=Parametry!$B$10, 81, "") | B82: =IF(A82="","", Parametry!$B$8+A82-1) | C82: =IF(A82="","", IF(B82>=Parametry!$B$9, "Dekumulacja", "Akumulacja")) | D82: =IF(A82="","", D81*(1+Parametry!$B$6)) | E82: =IF(A82="","", M81) | F82: =IF(A82="","", IF(C82="Akumulacja", Parametry!$B$5*12*D82, 0)) | G82: =IF(A82="","", IF(C82="Dekumulacja", Parametry!$B$4*12*D82, 0)) | H82: =IF(A82="","", IF(C82="Dekumulacja", Parametry!$B$3*12*D82, 0)) | I82: =IF(A82="","", MAX(0, H82-G82)) | J82: =IF(A82="","", MAX(0, E82+F82-I82)*Parametry!$B$7) | K82: =IF(A82="","", MAX(0, K81 + F82 - I82 * MIN(1, K81 / MAX(1, E82+F82)))) | L82: =IF(A82="","", IF(Parametry!$B$11>0, I82 * (1 - MIN(1, K81 / MAX(1, E82+F82))) * Parametry!$B$11, 0)) | M82: =IF(A82="","", MAX(0, E82+F82-I82+J82-L82))
A83: =IF(Parametry!$B$8+82-1<=Parametry!$B$10, 82, "") | B83: =IF(A83="","", Parametry!$B$8+A83-1) | C83: =IF(A83="","", IF(B83>=Parametry!$B$9, "Dekumulacja", "Akumulacja")) | D83: =IF(A83="","", D82*(1+Parametry!$B$6)) | E83: =IF(A83="","", M82) | F83: =IF(A83="","", IF(C83="Akumulacja", Parametry!$B$5*12*D83, 0)) | G83: =IF(A83="","", IF(C83="Dekumulacja", Parametry!$B$4*12*D83, 0)) | H83: =IF(A83="","", IF(C83="Dekumulacja", Parametry!$B$3*12*D83, 0)) | I83: =IF(A83="","", MAX(0, H83-G83)) | J83: =IF(A83="","", MAX(0, E83+F83-I83)*Parametry!$B$7) | K83: =IF(A83="","", MAX(0, K82 + F83 - I83 * MIN(1, K82 / MAX(1, E83+F83)))) | L83: =IF(A83="","", IF(Parametry!$B$11>0, I83 * (1 - MIN(1, K82 / MAX(1, E83+F83))) * Parametry!$B$11, 0)) | M83: =IF(A83="","", MAX(0, E83+F83-I83+J83-L83))
A84: =IF(Parametry!$B$8+83-1<=Parametry!$B$10, 83, "") | B84: =IF(A84="","", Parametry!$B$8+A84-1) | C84: =IF(A84="","", IF(B84>=Parametry!$B$9, "Dekumulacja", "Akumulacja")) | D84: =IF(A84="","", D83*(1+Parametry!$B$6)) | E84: =IF(A84="","", M83) | F84: =IF(A84="","", IF(C84="Akumulacja", Parametry!$B$5*12*D84, 0)) | G84: =IF(A84="","", IF(C84="Dekumulacja", Parametry!$B$4*12*D84, 0)) | H84: =IF(A84="","", IF(C84="Dekumulacja", Parametry!$B$3*12*D84, 0)) | I84: =IF(A84="","", MAX(0, H84-G84)) | J84: =IF(A84="","", MAX(0, E84+F84-I84)*Parametry!$B$7) | K84: =IF(A84="","", MAX(0, K83 + F84 - I84 * MIN(1, K83 / MAX(1, E84+F84)))) | L84: =IF(A84="","", IF(Parametry!$B$11>0, I84 * (1 - MIN(1, K83 / MAX(1, E84+F84))) * Parametry!$B$11, 0)) | M84: =IF(A84="","", MAX(0, E84+F84-I84+J84-L84))
A85: =IF(Parametry!$B$8+84-1<=Parametry!$B$10, 84, "") | B85: =IF(A85="","", Parametry!$B$8+A85-1) | C85: =IF(A85="","", IF(B85>=Parametry!$B$9, "Dekumulacja", "Akumulacja")) | D85: =IF(A85="","", D84*(1+Parametry!$B$6)) | E85: =IF(A85="","", M84) | F85: =IF(A85="","", IF(C85="Akumulacja", Parametry!$B$5*12*D85, 0)) | G85: =IF(A85="","", IF(C85="Dekumulacja", Parametry!$B$4*12*D85, 0)) | H85: =IF(A85="","", IF(C85="Dekumulacja", Parametry!$B$3*12*D85, 0)) | I85: =IF(A85="","", MAX(0, H85-G85)) | J85: =IF(A85="","", MAX(0, E85+F85-I85)*Parametry!$B$7) | K85: =IF(A85="","", MAX(0, K84 + F85 - I85 * MIN(1, K84 / MAX(1, E85+F85)))) | L85: =IF(A85="","", IF(Parametry!$B$11>0, I85 * (1 - MIN(1, K84 / MAX(1, E85+F85))) * Parametry!$B$11, 0)) | M85: =IF(A85="","", MAX(0, E85+F85-I85+J85-L85))
A86: =IF(Parametry!$B$8+85-1<=Parametry!$B$10, 85, "") | B86: =IF(A86="","", Parametry!$B$8+A86-1) | C86: =IF(A86="","", IF(B86>=Parametry!$B$9, "Dekumulacja", "Akumulacja")) | D86: =IF(A86="","", D85*(1+Parametry!$B$6)) | E86: =IF(A86="","", M85) | F86: =IF(A86="","", IF(C86="Akumulacja", Parametry!$B$5*12*D86, 0)) | G86: =IF(A86="","", IF(C86="Dekumulacja", Parametry!$B$4*12*D86, 0)) | H86: =IF(A86="","", IF(C86="Dekumulacja", Parametry!$B$3*12*D86, 0)) | I86: =IF(A86="","", MAX(0, H86-G86)) | J86: =IF(A86="","", MAX(0, E86+F86-I86)*Parametry!$B$7) | K86: =IF(A86="","", MAX(0, K85 + F86 - I86 * MIN(1, K85 / MAX(1, E86+F86)))) | L86: =IF(A86="","", IF(Parametry!$B$11>0, I86 * (1 - MIN(1, K85 / MAX(1, E86+F86))) * Parametry!$B$11, 0)) | M86: =IF(A86="","", MAX(0, E86+F86-I86+J86-L86))
A87: =IF(Parametry!$B$8+86-1<=Parametry!$B$10, 86, "") | B87: =IF(A87="","", Parametry!$B$8+A87-1) | C87: =IF(A87="","", IF(B87>=Parametry!$B$9, "Dekumulacja", "Akumulacja")) | D87: =IF(A87="","", D86*(1+Parametry!$B$6)) | E87: =IF(A87="","", M86) | F87: =IF(A87="","", IF(C87="Akumulacja", Parametry!$B$5*12*D87, 0)) | G87: =IF(A87="","", IF(C87="Dekumulacja", Parametry!$B$4*12*D87, 0)) | H87: =IF(A87="","", IF(C87="Dekumulacja", Parametry!$B$3*12*D87, 0)) | I87: =IF(A87="","", MAX(0, H87-G87)) | J87: =IF(A87="","", MAX(0, E87+F87-I87)*Parametry!$B$7) | K87: =IF(A87="","", MAX(0, K86 + F87 - I87 * MIN(1, K86 / MAX(1, E87+F87)))) | L87: =IF(A87="","", IF(Parametry!$B$11>0, I87 * (1 - MIN(1, K86 / MAX(1, E87+F87))) * Parametry!$B$11, 0)) | M87: =IF(A87="","", MAX(0, E87+F87-I87+J87-L87))
A88: =IF(Parametry!$B$8+87-1<=Parametry!$B$10, 87, "") | B88: =IF(A88="","", Parametry!$B$8+A88-1) | C88: =IF(A88="","", IF(B88>=Parametry!$B$9, "Dekumulacja", "Akumulacja")) | D88: =IF(A88="","", D87*(1+Parametry!$B$6)) | E88: =IF(A88="","", M87) | F88: =IF(A88="","", IF(C88="Akumulacja", Parametry!$B$5*12*D88, 0)) | G88: =IF(A88="","", IF(C88="Dekumulacja", Parametry!$B$4*12*D88, 0)) | H88: =IF(A88="","", IF(C88="Dekumulacja", Parametry!$B$3*12*D88, 0)) | I88: =IF(A88="","", MAX(0, H88-G88)) | J88: =IF(A88="","", MAX(0, E88+F88-I88)*Parametry!$B$7) | K88: =IF(A88="","", MAX(0, K87 + F88 - I88 * MIN(1, K87 / MAX(1, E88+F88)))) | L88: =IF(A88="","", IF(Parametry!$B$11>0, I88 * (1 - MIN(1, K87 / MAX(1, E88+F88))) * Parametry!$B$11, 0)) | M88: =IF(A88="","", MAX(0, E88+F88-I88+J88-L88))
A89: =IF(Parametry!$B$8+88-1<=Parametry!$B$10, 88, "") | B89: =IF(A89="","", Parametry!$B$8+A89-1) | C89: =IF(A89="","", IF(B89>=Parametry!$B$9, "Dekumulacja", "Akumulacja")) | D89: =IF(A89="","", D88*(1+Parametry!$B$6)) | E89: =IF(A89="","", M88) | F89: =IF(A89="","", IF(C89="Akumulacja", Parametry!$B$5*12*D89, 0)) | G89: =IF(A89="","", IF(C89="Dekumulacja", Parametry!$B$4*12*D89, 0)) | H89: =IF(A89="","", IF(C89="Dekumulacja", Parametry!$B$3*12*D89, 0)) | I89: =IF(A89="","", MAX(0, H89-G89)) | J89: =IF(A89="","", MAX(0, E89+F89-I89)*Parametry!$B$7) | K89: =IF(A89="","", MAX(0, K88 + F89 - I89 * MIN(1, K88 / MAX(1, E89+F89)))) | L89: =IF(A89="","", IF(Parametry!$B$11>0, I89 * (1 - MIN(1, K88 / MAX(1, E89+F89))) * Parametry!$B$11, 0)) | M89: =IF(A89="","", MAX(0, E89+F89-I89+J89-L89))
A90: =IF(Parametry!$B$8+89-1<=Parametry!$B$10, 89, "") | B90: =IF(A90="","", Parametry!$B$8+A90-1) | C90: =IF(A90="","", IF(B90>=Parametry!$B$9, "Dekumulacja", "Akumulacja")) | D90: =IF(A90="","", D89*(1+Parametry!$B$6)) | E90: =IF(A90="","", M89) | F90: =IF(A90="","", IF(C90="Akumulacja", Parametry!$B$5*12*D90, 0)) | G90: =IF(A90="","", IF(C90="Dekumulacja", Parametry!$B$4*12*D90, 0)) | H90: =IF(A90="","", IF(C90="Dekumulacja", Parametry!$B$3*12*D90, 0)) | I90: =IF(A90="","", MAX(0, H90-G90)) | J90: =IF(A90="","", MAX(0, E90+F90-I90)*Parametry!$B$7) | K90: =IF(A90="","", MAX(0, K89 + F90 - I90 * MIN(1, K89 / MAX(1, E90+F90)))) | L90: =IF(A90="","", IF(Parametry!$B$11>0, I90 * (1 - MIN(1, K89 / MAX(1, E90+F90))) * Parametry!$B$11, 0)) | M90: =IF(A90="","", MAX(0, E90+F90-I90+J90-L90))
A91: =IF(Parametry!$B$8+90-1<=Parametry!$B$10, 90, "") | B91: =IF(A91="","", Parametry!$B$8+A91-1) | C91: =IF(A91="","", IF(B91>=Parametry!$B$9, "Dekumulacja", "Akumulacja")) | D91: =IF(A91="","", D90*(1+Parametry!$B$6)) | E91: =IF(A91="","", M90) | F91: =IF(A91="","", IF(C91="Akumulacja", Parametry!$B$5*12*D91, 0)) | G91: =IF(A91="","", IF(C91="Dekumulacja", Parametry!$B$4*12*D91, 0)) | H91: =IF(A91="","", IF(C91="Dekumulacja", Parametry!$B$3*12*D91, 0)) | I91: =IF(A91="","", MAX(0, H91-G91)) | J91: =IF(A91="","", MAX(0, E91+F91-I91)*Parametry!$B$7) | K91: =IF(A91="","", MAX(0, K90 + F91 - I91 * MIN(1, K90 / MAX(1, E91+F91)))) | L91: =IF(A91="","", IF(Parametry!$B$11>0, I91 * (1 - MIN(1, K90 / MAX(1, E91+F91))) * Parametry!$B$11, 0)) | M91: =IF(A91="","", MAX(0, E91+F91-I91+J91-L91))
A92: =IF(Parametry!$B$8+91-1<=Parametry!$B$10, 91, "") | B92: =IF(A92="","", Parametry!$B$8+A92-1) | C92: =IF(A92="","", IF(B92>=Parametry!$B$9, "Dekumulacja", "Akumulacja")) | D92: =IF(A92="","", D91*(1+Parametry!$B$6)) | E92: =IF(A92="","", M91) | F92: =IF(A92="","", IF(C92="Akumulacja", Parametry!$B$5*12*D92, 0)) | G92: =IF(A92="","", IF(C92="Dekumulacja", Parametry!$B$4*12*D92, 0)) | H92: =IF(A92="","", IF(C92="Dekumulacja", Parametry!$B$3*12*D92, 0)) | I92: =IF(A92="","", MAX(0, H92-G92)) | J92: =IF(A92="","", MAX(0, E92+F92-I92)*Parametry!$B$7) | K92: =IF(A92="","", MAX(0, K91 + F92 - I92 * MIN(1, K91 / MAX(1, E92+F92)))) | L92: =IF(A92="","", IF(Parametry!$B$11>0, I92 * (1 - MIN(1, K91 / MAX(1, E92+F92))) * Parametry!$B$11, 0)) | M92: =IF(A92="","", MAX(0, E92+F92-I92+J92-L92))
A93: =IF(Parametry!$B$8+92-1<=Parametry!$B$10, 92, "") | B93: =IF(A93="","", Parametry!$B$8+A93-1) | C93: =IF(A93="","", IF(B93>=Parametry!$B$9, "Dekumulacja", "Akumulacja")) | D93: =IF(A93="","", D92*(1+Parametry!$B$6)) | E93: =IF(A93="","", M92) | F93: =IF(A93="","", IF(C93="Akumulacja", Parametry!$B$5*12*D93, 0)) | G93: =IF(A93="","", IF(C93="Dekumulacja", Parametry!$B$4*12*D93, 0)) | H93: =IF(A93="","", IF(C93="Dekumulacja", Parametry!$B$3*12*D93, 0)) | I93: =IF(A93="","", MAX(0, H93-G93)) | J93: =IF(A93="","", MAX(0, E93+F93-I93)*Parametry!$B$7) | K93: =IF(A93="","", MAX(0, K92 + F93 - I93 * MIN(1, K92 / MAX(1, E93+F93)))) | L93: =IF(A93="","", IF(Parametry!$B$11>0, I93 * (1 - MIN(1, K92 / MAX(1, E93+F93))) * Parametry!$B$11, 0)) | M93: =IF(A93="","", MAX(0, E93+F93-I93+J93-L93))
A94: =IF(Parametry!$B$8+93-1<=Parametry!$B$10, 93, "") | B94: =IF(A94="","", Parametry!$B$8+A94-1) | C94: =IF(A94="","", IF(B94>=Parametry!$B$9, "Dekumulacja", "Akumulacja")) | D94: =IF(A94="","", D93*(1+Parametry!$B$6)) | E94: =IF(A94="","", M93) | F94: =IF(A94="","", IF(C94="Akumulacja", Parametry!$B$5*12*D94, 0)) | G94: =IF(A94="","", IF(C94="Dekumulacja", Parametry!$B$4*12*D94, 0)) | H94: =IF(A94="","", IF(C94="Dekumulacja", Parametry!$B$3*12*D94, 0)) | I94: =IF(A94="","", MAX(0, H94-G94)) | J94: =IF(A94="","", MAX(0, E94+F94-I94)*Parametry!$B$7) | K94: =IF(A94="","", MAX(0, K93 + F94 - I94 * MIN(1, K93 / MAX(1, E94+F94)))) | L94: =IF(A94="","", IF(Parametry!$B$11>0, I94 * (1 - MIN(1, K93 / MAX(1, E94+F94))) * Parametry!$B$11, 0)) | M94: =IF(A94="","", MAX(0, E94+F94-I94+J94-L94))
A95: =IF(Parametry!$B$8+94-1<=Parametry!$B$10, 94, "") | B95: =IF(A95="","", Parametry!$B$8+A95-1) | C95: =IF(A95="","", IF(B95>=Parametry!$B$9, "Dekumulacja", "Akumulacja")) | D95: =IF(A95="","", D94*(1+Parametry!$B$6)) | E95: =IF(A95="","", M94) | F95: =IF(A95="","", IF(C95="Akumulacja", Parametry!$B$5*12*D95, 0)) | G95: =IF(A95="","", IF(C95="Dekumulacja", Parametry!$B$4*12*D95, 0)) | H95: =IF(A95="","", IF(C95="Dekumulacja", Parametry!$B$3*12*D95, 0)) | I95: =IF(A95="","", MAX(0, H95-G95)) | J95: =IF(A95="","", MAX(0, E95+F95-I95)*Parametry!$B$7) | K95: =IF(A95="","", MAX(0, K94 + F95 - I95 * MIN(1, K94 / MAX(1, E95+F95)))) | L95: =IF(A95="","", IF(Parametry!$B$11>0, I95 * (1 - MIN(1, K94 / MAX(1, E95+F95))) * Parametry!$B$11, 0)) | M95: =IF(A95="","", MAX(0, E95+F95-I95+J95-L95))
A96: =IF(Parametry!$B$8+95-1<=Parametry!$B$10, 95, "") | B96: =IF(A96="","", Parametry!$B$8+A96-1) | C96: =IF(A96="","", IF(B96>=Parametry!$B$9, "Dekumulacja", "Akumulacja")) | D96: =IF(A96="","", D95*(1+Parametry!$B$6)) | E96: =IF(A96="","", M95) | F96: =IF(A96="","", IF(C96="Akumulacja", Parametry!$B$5*12*D96, 0)) | G96: =IF(A96="","", IF(C96="Dekumulacja", Parametry!$B$4*12*D96, 0)) | H96: =IF(A96="","", IF(C96="Dekumulacja", Parametry!$B$3*12*D96, 0)) | I96: =IF(A96="","", MAX(0, H96-G96)) | J96: =IF(A96="","", MAX(0, E96+F96-I96)*Parametry!$B$7) | K96: =IF(A96="","", MAX(0, K95 + F96 - I96 * MIN(1, K95 / MAX(1, E96+F96)))) | L96: =IF(A96="","", IF(Parametry!$B$11>0, I96 * (1 - MIN(1, K95 / MAX(1, E96+F96))) * Parametry!$B$11, 0)) | M96: =IF(A96="","", MAX(0, E96+F96-I96+J96-L96))
A97: =IF(Parametry!$B$8+96-1<=Parametry!$B$10, 96, "") | B97: =IF(A97="","", Parametry!$B$8+A97-1) | C97: =IF(A97="","", IF(B97>=Parametry!$B$9, "Dekumulacja", "Akumulacja")) | D97: =IF(A97="","", D96*(1+Parametry!$B$6)) | E97: =IF(A97="","", M96) | F97: =IF(A97="","", IF(C97="Akumulacja", Parametry!$B$5*12*D97, 0)) | G97: =IF(A97="","", IF(C97="Dekumulacja", Parametry!$B$4*12*D97, 0)) | H97: =IF(A97="","", IF(C97="Dekumulacja", Parametry!$B$3*12*D97, 0)) | I97: =IF(A97="","", MAX(0, H97-G97)) | J97: =IF(A97="","", MAX(0, E97+F97-I97)*Parametry!$B$7) | K97: =IF(A97="","", MAX(0, K96 + F97 - I97 * MIN(1, K96 / MAX(1, E97+F97)))) | L97: =IF(A97="","", IF(Parametry!$B$11>0, I97 * (1 - MIN(1, K96 / MAX(1, E97+F97))) * Parametry!$B$11, 0)) | M97: =IF(A97="","", MAX(0, E97+F97-I97+J97-L97))
A98: =IF(Parametry!$B$8+97-1<=Parametry!$B$10, 97, "") | B98: =IF(A98="","", Parametry!$B$8+A98-1) | C98: =IF(A98="","", IF(B98>=Parametry!$B$9, "Dekumulacja", "Akumulacja")) | D98: =IF(A98="","", D97*(1+Parametry!$B$6)) | E98: =IF(A98="","", M97) | F98: =IF(A98="","", IF(C98="Akumulacja", Parametry!$B$5*12*D98, 0)) | G98: =IF(A98="","", IF(C98="Dekumulacja", Parametry!$B$4*12*D98, 0)) | H98: =IF(A98="","", IF(C98="Dekumulacja", Parametry!$B$3*12*D98, 0)) | I98: =IF(A98="","", MAX(0, H98-G98)) | J98: =IF(A98="","", MAX(0, E98+F98-I98)*Parametry!$B$7) | K98: =IF(A98="","", MAX(0, K97 + F98 - I98 * MIN(1, K97 / MAX(1, E98+F98)))) | L98: =IF(A98="","", IF(Parametry!$B$11>0, I98 * (1 - MIN(1, K97 / MAX(1, E98+F98))) * Parametry!$B$11, 0)) | M98: =IF(A98="","", MAX(0, E98+F98-I98+J98-L98))
A99: =IF(Parametry!$B$8+98-1<=Parametry!$B$10, 98, "") | B99: =IF(A99="","", Parametry!$B$8+A99-1) | C99: =IF(A99="","", IF(B99>=Parametry!$B$9, "Dekumulacja", "Akumulacja")) | D99: =IF(A99="","", D98*(1+Parametry!$B$6)) | E99: =IF(A99="","", M98) | F99: =IF(A99="","", IF(C99="Akumulacja", Parametry!$B$5*12*D99, 0)) | G99: =IF(A99="","", IF(C99="Dekumulacja", Parametry!$B$4*12*D99, 0)) | H99: =IF(A99="","", IF(C99="Dekumulacja", Parametry!$B$3*12*D99, 0)) | I99: =IF(A99="","", MAX(0, H99-G99)) | J99: =IF(A99="","", MAX(0, E99+F99-I99)*Parametry!$B$7) | K99: =IF(A99="","", MAX(0, K98 + F99 - I99 * MIN(1, K98 / MAX(1, E99+F99)))) | L99: =IF(A99="","", IF(Parametry!$B$11>0, I99 * (1 - MIN(1, K98 / MAX(1, E99+F99))) * Parametry!$B$11, 0)) | M99: =IF(A99="","", MAX(0, E99+F99-I99+J99-L99))
A100: =IF(Parametry!$B$8+99-1<=Parametry!$B$10, 99, "") | B100: =IF(A100="","", Parametry!$B$8+A100-1) | C100: =IF(A100="","", IF(B100>=Parametry!$B$9, "Dekumulacja", "Akumulacja")) | D100: =IF(A100="","", D99*(1+Parametry!$B$6)) | E100: =IF(A100="","", M99) | F100: =IF(A100="","", IF(C100="Akumulacja", Parametry!$B$5*12*D100, 0)) | G100: =IF(A100="","", IF(C100="Dekumulacja", Parametry!$B$4*12*D100, 0)) | H100: =IF(A100="","", IF(C100="Dekumulacja", Parametry!$B$3*12*D100, 0)) | I100: =IF(A100="","", MAX(0, H100-G100)) | J100: =IF(A100="","", MAX(0, E100+F100-I100)*Parametry!$B$7) | K100: =IF(A100="","", MAX(0, K99 + F100 - I100 * MIN(1, K99 / MAX(1, E100+F100)))) | L100: =IF(A100="","", IF(Parametry!$B$11>0, I100 * (1 - MIN(1, K99 / MAX(1, E100+F100))) * Parametry!$B$11, 0)) | M100: =IF(A100="","", MAX(0, E100+F100-I100+J100-L100))
...

Sheet Wykres
